ram_gb,storage_gb,battery_mah,primary_camera_mp,front_camera_mp,cpu_speed_ghz,cpu_cores,screen_size_inch,has_5g,price_inr
4,64,3392,8,4,2.87,2,5.8,0,43057.0
12,256,4575,48,22,1.31,4,5.0,0,73035.0
6,512,5616,50,17,2.02,8,5.7,0,75908.0
6,16,4853,108,41,1.8,8,4.9,0,64096.0
3,256,3390,50,16,2.05,6,5.2,0,51418.0
3,128,4031,108,48,1.55,6,6.0,0,60541.0
2,512,3361,108,40,1.41,8,6.8,1,76455.0
8,64,5446,64,19,2.35,2,5.7,1,66162.0
6,256,5038,50,14,2.78,4,6.2,1,69699.0
6,32,3400,13,5,2.74,4,5.9,1,51485.0
2,64,3856,13,6,2.19,4,5.8,0,37761.0
12,32,2509,32,8,2.35,8,4.8,1,69726.0
8,512,4771,50,16,2.34,4,5.0,1,82970.0
3,256,4532,50,15,2.72,4,6.6,0,56610.0
3,256,2593,8,4,1.31,8,5.6,0,48083.0
3,256,4899,64,30,2.76,8,6.1,0,66232.0
4,32,4655,8,3,2.48,4,5.9,0,43198.0
6,64,1826,16,5,1.64,4,5.5,1,48391.0
4,32,5067,12,6,1.31,6,5.6,1,49371.0
4,64,1884,32,10,1.44,8,5.9,0,41185.0
6,64,4901,48,26,2.35,8,5.0,1,65581.0
3,64,2922,16,5,2.87,8,5.6,0,47858.0
4,64,1811,16,4,1.94,8,5.7,1,46329.0
4,32,3548,50,23,2.03,8,6.9,0,50508.0
4,32,4909,16,7,3.26,8,5.5,1,57318.0
8,32,3676,12,7,1.67,6,6.1,1,58620.0
3,512,4419,16,8,1.43,2,5.0,0,52180.0
6,128,1979,50,19,1.96,8,4.8,0,52680.0
6,512,2596,8,4,2.84,6,6.6,0,66390.0
2,64,5613,16,8,2.58,4,6.3,1,48133.0
6,64,3824,48,19,2.11,8,5.4,1,59241.0
3,128,5017,64,21,3.32,4,5.8,1,60456.0
2,64,2686,64,20,2.82,8,5.0,1,54687.0
12,64,4268,108,37,1.34,8,6.3,1,85648.0
12,64,5187,32,16,2.84,6,4.9,1,76235.0
8,32,3319,12,4,1.25,8,6.4,1,57795.0
4,64,4232,13,4,2.63,4,5.9,0,43730.0
2,64,2716,12,6,1.66,6,5.3,0,36153.0
6,128,3870,108,28,2.73,8,6.6,0,70067.0
4,32,5776,48,21,1.88,8,6.9,1,60805.0
3,64,3581,8,4,3.12,8,5.3,1,52445.0
4,256,2138,13,5,1.94,6,6.5,1,55483.0
2,32,3316,50,17,2.56,8,6.4,1,52899.0
12,64,4670,50,20,1.83,4,6.3,0,67126.0
4,256,5382,32,15,3.22,8,6.8,0,67116.0
6,32,2714,13,5,2.92,6,5.8,1,54915.0
4,32,5090,50,13,1.74,8,6.2,1,58244.0
6,64,3246,32,9,3.29,2,6.5,0,51183.0
6,64,3179,48,22,1.99,4,5.8,1,57772.0
3,128,3283,13,5,2.63,6,5.8,0,44155.0
12,256,3874,48,23,2.83,8,5.4,1,98611.0
8,32,2600,50,22,1.25,8,6.4,1,62569.0
12,128,3046,64,27,3.31,8,6.2,0,77792.0
8,128,4537,12,6,1.96,6,5.7,0,56374.0
6,32,5295,12,3,1.62,6,5.6,1,51951.0
12,128,5057,48,14,3.07,4,4.9,1,78497.0
2,64,5677,64,28,2.75,8,4.7,0,51485.0
3,64,2781,32,9,1.39,4,5.9,1,43800.0
2,32,4276,8,4,1.46,8,5.6,1,42981.0
4,64,3888,8,4,2.77,8,6.5,0,48370.0
4,64,4752,108,48,1.36,8,5.9,1,63553.0
4,256,2811,16,7,3.22,8,6.8,1,61646.0
8,32,5264,8,4,2.83,8,5.1,1,65813.0
4,64,4550,64,18,1.94,8,6.9,0,55264.0
4,64,3926,12,5,2.0,4,5.4,0,42583.0
6,128,5661,12,5,2.31,8,6.1,1,61899.0
3,128,4391,8,3,1.99,2,5.8,0,41870.0
8,128,3273,8,2,2.92,6,5.5,0,58069.0
2,128,4321,108,48,3.34,4,5.0,0,59285.0
16,256,2965,8,4,2.49,4,5.0,0,76134.0
8,64,5122,48,21,2.18,6,6.3,1,68089.0
3,128,2409,50,14,1.69,6,5.5,1,49250.0
2,256,3983,16,6,2.64,8,6.8,0,52454.0
8,512,4331,32,17,2.71,4,5.4,0,76047.0
6,256,4661,16,7,2.71,8,6.9,1,71445.0
6,64,3455,16,7,1.26,4,5.2,1,48643.0
8,32,3555,8,4,3.18,8,4.9,0,57799.0
2,64,1845,48,20,1.94,8,5.4,1,49918.0
4,128,3059,50,21,2.84,8,6.6,1,61695.0
3,64,5032,50,18,2.87,8,5.8,1,59952.0
8,64,3251,64,23,2.63,6,5.0,1,67368.0
6,256,3918,50,23,2.07,8,5.1,0,67446.0
4,64,4367,48,17,2.54,6,5.4,1,58016.0
2,256,3792,64,27,1.29,6,6.0,1,58144.0
4,64,4923,13,4,2.88,8,5.4,1,55435.0
4,64,4140,108,32,1.42,2,6.3,0,52453.0
6,64,3288,13,5,2.07,8,6.1,0,52065.0
6,128,3373,16,5,1.43,8,6.6,0,53199.0
8,32,4227,48,25,3.04,6,5.8,0,61893.0
4,32,3566,64,22,2.41,4,5.4,0,50851.0
3,512,5349,13,6,2.72,4,6.9,0,65415.0
6,32,4109,48,16,2.7,8,5.5,0,57777.0
8,128,4204,32,10,3.05,8,5.6,0,65664.0
6,128,3242,32,11,1.49,4,6.5,1,53926.0
8,64,3776,32,17,2.65,6,4.9,1,61950.0
4,128,5773,108,40,2.47,8,5.6,0,68928.0
6,64,4290,50,25,1.27,8,4.9,1,58739.0
4,128,2525,108,33,1.64,2,5.0,0,52359.0
2,64,5603,108,29,1.79,4,4.7,0,51693.0
3,128,5627,48,23,1.36,8,4.7,1,58993.0
2,32,5419,48,20,1.98,2,5.5,0,42048.0
6,128,4687,16,6,1.26,4,6.5,1,51731.0
4,32,2297,64,21,2.42,8,6.0,0,51322.0
6,64,5776,12,3,1.67,8,6.1,1,59000.0
12,64,2504,32,13,1.83,4,5.8,0,58199.0
3,32,5927,8,4,3.2,4,6.5,1,49369.0
4,256,5481,12,3,2.31,2,6.6,0,51739.0
8,64,5938,8,4,1.79,4,6.6,1,61120.0
3,256,3716,48,16,2.52,8,6.5,1,64940.0
2,512,3174,12,5,1.64,6,5.1,0,53769.0
4,128,3645,16,4,1.36,8,6.0,0,46138.0
3,32,3236,32,12,1.25,8,6.0,1,46351.0
12,64,4890,50,14,3.29,6,5.9,1,80278.0
8,128,3170,8,2,2.79,4,5.8,1,59682.0
6,64,3728,32,17,2.96,8,4.9,1,62944.0
8,32,3436,16,8,3.36,8,4.9,0,60187.0
8,128,1891,50,23,3.25,8,6.7,1,83728.0
3,256,3643,50,14,2.82,4,6.1,0,55787.0
8,128,1984,64,34,2.73,8,5.3,1,79219.0
6,32,3371,16,6,1.94,8,5.3,1,53017.0
8,128,2631,16,8,1.43,8,6.0,1,68841.0
8,64,3925,32,8,2.46,4,5.6,1,61349.0
4,64,2063,32,11,2.47,8,5.7,1,52704.0
3,256,3086,13,7,3.29,8,4.8,1,57666.0
3,64,3329,32,12,2.17,6,5.0,0,42832.0
4,64,3608,32,17,2.72,6,5.6,0,47947.0
8,16,3677,64,22,2.46,4,6.2,1,63123.0
8,256,3549,50,20,1.59,4,4.8,1,64849.0
2,128,3709,64,32,2.5,6,5.4,1,56779.0
6,128,4423,32,14,2.39,8,6.2,1,67816.0
4,128,2997,12,6,2.29,4,6.4,0,45479.0
3,32,4278,64,20,2.33,6,5.1,0,51061.0
3,64,4310,108,32,1.56,8,6.3,0,58485.0
4,64,1900,12,4,2.22,4,6.8,0,38066.0
12,32,4887,8,3,2.53,6,6.7,1,70761.0
4,64,3719,48,24,2.28,8,6.4,1,57908.0
6,256,4091,13,5,2.28,8,6.3,0,59654.0
6,16,5120,8,3,1.37,8,5.2,0,48271.0
4,64,1904,48,24,1.62,8,6.1,1,53831.0
12,64,2493,64,21,1.91,4,6.1,1,69966.0
12,64,5040,108,48,2.12,8,5.6,1,88586.0
4,256,5291,48,26,2.51,4,5.8,0,60257.0
4,64,5192,48,13,3.1,8,6.2,0,58821.0
4,64,4068,8,2,1.55,4,6.8,1,46185.0
4,128,5583,32,9,1.23,8,5.3,1,58630.0
2,32,5312,13,6,2.19,8,5.2,1,47803.0
6,64,2689,50,15,2.15,8,6.0,1,59215.0
6,64,2589,108,48,2.41,4,5.0,0,59560.0
2,128,2458,48,18,3.03,6,6.0,0,49557.0
4,512,2818,32,16,2.97,8,4.9,1,73324.0
12,128,3753,50,25,1.42,8,5.8,1,85220.0
3,64,2990,108,48,3.25,4,6.1,1,63914.0
3,256,5506,32,10,1.44,8,4.9,0,53463.0
4,32,5457,32,10,2.6,8,5.2,0,53789.0
16,16,4096,16,4,2.68,4,5.4,1,76068.0
3,64,2574,32,12,2.7,8,5.5,0,47233.0
6,64,4611,50,19,1.78,8,6.2,1,63647.0
8,128,3180,13,7,1.93,6,5.9,1,59762.0
3,128,4982,16,8,2.41,6,5.5,1,53767.0
6,256,4897,108,32,1.64,8,5.7,1,81017.0
4,128,3204,12,6,1.24,8,4.7,0,45714.0
6,128,5601,64,19,2.44,6,6.4,1,68253.0
6,32,3169,108,30,2.22,8,4.8,0,61559.0
6,16,3864,32,16,2.64,8,6.5,0,57569.0
2,128,4092,50,27,1.52,8,5.9,1,54224.0
8,64,4565,48,13,3.05,4,5.9,1,68513.0
4,256,4617,8,4,1.52,8,6.3,1,59804.0
3,32,2516,64,32,3.16,6,6.6,1,54686.0
2,16,5840,108,31,2.19,4,6.8,1,60624.0
6,64,3511,8,3,2.41,4,5.9,0,44087.0
6,64,3025,64,30,3.17,6,5.0,1,63328.0
2,16,1808,13,6,1.86,8,6.6,0,38439.0
6,128,2397,48,17,1.6,6,4.8,1,53916.0
3,32,5918,64,19,2.18,8,6.5,1,63413.0
6,128,3408,32,14,1.74,4,6.2,1,57291.0
3,64,4831,64,29,2.36,6,6.7,1,57828.0
6,32,5467,50,20,1.81,8,6.7,1,66197.0
4,64,4046,50,15,3.1,8,4.8,0,52524.0
12,256,5426,50,25,2.54,4,6.0,1,82491.0
3,64,5871,108,48,1.2,8,5.0,1,62482.0
4,128,4622,48,25,2.97,4,4.9,0,51663.0
3,32,1891,48,25,1.93,6,5.7,1,47365.0
12,128,2650,108,48,1.9,8,4.9,1,96363.0
8,64,2907,48,26,2.04,8,6.3,0,61247.0
4,128,2099,50,27,2.59,4,6.8,0,51056.0
6,128,4143,50,22,2.17,8,6.0,0,61210.0
8,256,3277,12,6,2.58,8,5.2,1,76866.0
6,64,2882,64,29,1.52,6,6.6,0,54028.0
6,32,4756,48,21,3.33,8,6.6,0,59025.0
3,16,4718,16,4,2.81,8,6.3,1,54317.0
2,256,3165,50,18,1.75,8,6.1,0,53441.0
8,128,4600,64,18,2.79,6,6.6,0,68366.0
12,128,5336,8,3,2.47,8,5.1,1,89339.0
6,64,5751,16,4,1.44,4,6.7,0,50994.0
4,64,3909,16,8,1.59,8,6.8,1,51664.0
4,16,2575,108,42,1.29,8,6.6,0,55324.0
6,512,3252,48,15,2.98,4,5.3,1,77632.0
8,128,3481,16,7,2.41,8,6.6,0,59878.0
8,256,4103,8,2,1.9,8,5.8,1,82959.0
8,64,3651,64,31,1.48,8,6.0,0,61978.0
6,128,3697,108,37,2.26,6,6.5,1,68991.0
2,128,5218,32,11,2.36,4,4.8,0,45777.0
3,64,5397,32,16,2.74,8,5.5,1,57226.0
8,256,3127,64,27,3.33,4,6.5,0,68762.0
6,256,2414,64,33,2.16,8,6.5,0,65779.0
2,256,2044,32,12,2.09,4,6.6,1,49826.0
3,128,2556,16,6,2.01,4,5.1,1,47285.0
6,64,2623,48,19,3.02,6,6.3,1,62453.0
2,64,4627,32,9,1.54,6,5.0,1,45122.0
3,512,5607,64,19,1.96,8,6.4,1,76347.0
6,16,4579,108,34,2.79,6,5.2,1,70606.0
6,128,3646,8,4,1.23,4,6.3,1,52784.0
6,128,3040,108,48,1.84,4,5.7,0,61603.0
3,128,2273,108,33,2.61,8,6.9,0,60205.0
6,512,5931,48,16,1.61,4,6.0,0,71584.0
3,64,5049,32,17,1.87,8,6.1,1,55252.0
4,64,3592,50,14,2.27,8,5.5,0,53196.0
6,32,3534,64,27,2.13,8,6.3,1,64489.0
6,64,5742,108,44,1.43,8,5.8,0,66109.0
8,64,2744,108,48,3.26,8,4.7,1,76364.0
6,64,3311,13,4,1.3,8,6.0,1,50209.0
6,256,5881,64,34,2.85,4,6.5,0,70110.0
2,256,2658,8,3,1.36,4,5.2,0,37376.0
4,32,5360,50,17,2.23,6,5.2,0,50729.0
4,64,2029,32,11,1.59,8,6.0,0,46707.0
3,256,4217,12,4,1.51,8,6.5,1,56875.0
12,32,1977,12,4,1.48,8,5.2,1,63394.0
4,32,5728,64,34,2.2,4,6.8,0,54856.0
8,32,4415,32,10,2.33,8,6.7,1,67486.0
6,128,3413,13,7,1.49,6,5.1,1,52545.0
8,32,4640,8,3,3.35,2,5.3,1,57874.0
6,512,4747,50,17,1.77,6,6.2,1,77900.0
6,64,3574,13,4,2.21,2,6.8,1,50165.0
4,128,5671,50,20,1.68,8,6.3,1,65626.0
3,64,1881,12,5,2.29,6,5.7,1,42604.0
6,64,2645,16,8,2.86,6,5.1,0,47277.0
4,128,4609,12,5,2.35,8,5.7,1,56747.0
2,128,3016,16,6,1.83,8,6.0,1,47301.0
6,128,5060,32,8,1.75,8,5.4,1,58995.0
3,128,4945,64,34,2.87,6,5.8,1,63606.0
12,256,4063,12,6,1.46,8,5.0,0,70717.0
12,256,4137,13,5,2.01,8,5.7,1,86820.0
12,128,2244,32,8,1.53,4,4.9,0,59384.0
4,32,2722,108,48,1.77,8,4.8,1,58847.0
2,16,4430,32,16,1.54,4,6.6,0,38176.0
12,64,2967,108,45,3.15,2,5.2,0,71970.0
4,128,5763,16,6,2.81,8,6.0,1,63255.0
12,64,5241,32,16,2.43,8,5.0,1,77968.0
12,64,5312,108,33,1.69,4,5.3,1,81957.0
8,256,2695,16,6,2.32,8,5.5,0,63490.0
4,256,5522,32,8,2.35,8,5.0,1,63023.0
4,256,3860,32,10,2.5,8,4.8,0,57023.0
8,64,4834,16,9,1.33,4,6.6,1,58586.0
4,128,4187,16,7,3.34,8,4.7,0,51592.0
3,64,3697,32,16,2.22,6,4.8,0,45597.0
6,32,3599,48,19,3.24,8,6.5,0,61235.0
12,32,4580,50,25,1.22,4,5.3,0,66971.0
6,64,2927,48,20,1.74,2,6.3,0,49336.0
6,64,2138,8,2,1.43,8,5.0,0,45464.0
2,256,2972,12,6,2.89,6,5.2,0,48172.0
6,32,4608,50,15,1.9,4,6.0,1,57761.0
16,128,4829,13,5,3.05,4,6.9,1,84612.0
3,128,3889,12,5,3.03,8,4.9,1,51535.0
6,64,4817,48,13,2.67,2,5.6,1,58390.0
8,64,2248,16,4,2.66,8,4.8,0,50972.0
6,64,2593,32,15,2.74,4,5.1,1,51175.0
6,128,2236,48,16,2.68,4,6.7,0,54766.0
6,64,3420,13,5,2.05,6,4.9,1,53189.0
4,32,5301,8,3,2.7,6,6.6,1,51567.0
4,32,4719,13,5,3.17,6,5.1,1,54656.0
8,128,2748,13,6,1.93,6,6.6,1,61902.0
8,256,5744,48,25,3.28,8,5.9,1,95958.0
8,64,2927,16,4,1.23,8,6.6,1,57722.0
12,128,1991,50,22,1.97,2,5.0,1,67554.0
6,128,5812,12,4,1.49,6,6.4,0,54200.0
6,256,5560,16,7,1.48,8,6.2,1,66326.0
8,256,5530,64,25,2.99,6,5.9,0,73996.0
6,128,3203,48,17,3.22,4,6.5,0,57691.0
6,128,3790,13,4,2.91,8,6.1,1,62113.0
8,256,2904,12,5,3.35,8,6.6,1,80373.0
8,64,2348,13,4,1.68,8,5.5,1,57543.0
4,64,5248,8,2,1.51,4,6.0,1,46077.0
4,16,3661,8,4,2.35,4,6.6,0,41339.0
2,256,2370,12,4,3.02,8,5.2,0,49205.0
6,256,3584,13,6,1.29,4,5.8,0,54213.0
2,32,4087,108,36,3.39,8,6.8,0,61453.0
4,128,4221,64,33,2.52,8,5.7,1,65899.0
6,64,5772,108,36,3.35,4,5.3,1,74520.0
4,32,2604,50,18,2.0,8,5.5,0,49774.0
6,512,2598,50,22,2.21,8,6.6,1,75588.0
2,64,5075,32,16,2.86,8,6.8,0,51555.0
2,32,2410,50,25,2.94,4,6.8,1,49960.0
8,128,3606,16,5,1.71,4,6.2,0,53531.0
4,128,5060,32,16,3.25,6,5.8,0,54450.0
3,16,5171,8,4,3.11,4,5.1,0,41623.0
6,128,4273,16,9,1.24,8,5.0,0,50842.0
8,128,3893,13,7,1.48,4,4.8,1,56723.0
3,32,3942,12,5,2.29,6,4.7,1,46188.0
6,32,5801,12,6,2.21,6,6.6,1,60145.0
2,128,4880,64,27,2.76,8,6.5,1,62709.0
2,64,3232,8,3,1.4,4,5.9,0,34241.0
6,256,4317,64,18,2.62,6,6.9,0,65876.0
6,256,4657,108,27,2.56,4,6.8,1,76219.0
6,512,2305,48,13,1.71,8,6.1,0,73012.0
6,64,2896,8,4,2.39,2,5.7,0,43960.0
12,512,5979,50,14,1.69,8,5.0,1,104726.0
6,64,5954,32,8,1.52,8,5.8,0,56887.0
4,64,2844,108,37,2.46,4,5.0,0,56516.0
8,32,4004,50,21,3.35,8,5.6,1,70830.0
4,32,5702,32,17,1.72,2,6.8,0,46827.0
4,128,3152,12,6,1.98,8,5.5,0,49065.0
2,64,3396,16,5,1.76,8,5.0,1,45258.0
2,64,2375,12,6,1.79,6,6.0,1,42092.0
12,128,2479,108,28,2.09,6,6.0,1,80459.0
8,64,5512,12,7,2.74,4,5.1,1,60457.0
6,128,5628,12,3,1.29,8,5.1,0,53754.0
4,64,2929,12,6,3.31,2,6.9,0,42116.0
3,256,5704,8,2,1.3,8,5.2,1,56877.0
3,256,4993,108,48,3.14,6,6.5,1,74891.0
4,64,2117,64,18,3.17,8,5.7,1,59742.0
6,64,5496,12,3,2.35,4,5.7,1,56349.0
6,64,4796,12,6,1.5,8,5.3,1,54046.0
6,256,5394,32,9,2.44,6,6.4,0,64687.0
4,64,5009,16,8,2.58,8,6.6,1,54469.0
12,64,4342,12,6,3.09,4,5.3,1,70480.0
6,32,2478,64,27,2.41,4,4.9,1,57173.0
6,64,3689,64,23,2.1,4,5.0,0,54615.0
6,64,3443,16,8,3.04,8,6.4,1,60899.0
4,256,2634,16,8,3.36,4,5.7,0,51844.0
3,64,4041,108,41,2.62,8,5.0,0,59800.0
4,64,4155,16,5,3.12,4,5.4,0,45824.0
8,256,3468,108,36,2.52,8,5.8,1,98043.0
2,256,4353,13,4,2.72,8,6.6,1,60981.0
3,64,2080,12,5,2.71,8,6.1,1,48947.0
2,64,4562,64,33,2.75,6,5.1,0,50223.0
2,64,3046,13,6,1.91,4,5.0,0,34857.0
8,256,3572,12,6,2.47,2,5.6,0,58805.0
6,32,3964,64,25,2.51,4,4.9,1,60014.0
4,256,1991,64,22,1.89,8,6.4,1,63345.0
2,128,4635,32,15,1.97,8,5.6,0,48677.0
4,128,4465,108,48,2.88,8,5.5,0,65667.0
4,16,4363,48,22,2.48,6,5.8,0,50701.0
3,64,2106,32,8,1.53,8,6.3,0,42302.0
4,64,2331,13,6,3.04,6,6.0,1,49926.0
4,32,4496,50,18,3.14,8,6.5,0,57399.0
6,128,1858,108,33,2.23,4,6.1,1,67529.0
6,512,3373,16,7,1.66,6,6.4,1,70258.0
2,128,2940,50,17,3.28,6,6.2,1,56583.0
4,128,3610,13,7,3.14,8,5.1,0,52214.0
6,32,4998,12,4,1.74,8,4.8,1,55073.0
6,64,5276,8,3,1.41,6,6.7,0,51709.0
8,32,4362,48,24,2.17,2,6.8,1,61707.0
6,128,4652,32,12,2.69,6,6.3,1,64782.0
3,256,2741,12,6,1.59,8,6.3,1,55576.0
2,128,3574,13,6,2.33,4,5.3,0,40906.0
6,32,3221,108,48,2.14,8,5.9,0,64928.0
2,64,2235,13,5,3.16,8,6.9,0,45532.0
6,128,2639,50,14,2.15,8,6.6,1,62088.0
12,64,5801,8,3,2.37,4,5.4,0,63597.0
6,256,4481,50,24,3.3,8,5.4,0,68956.0
4,256,3450,108,42,1.86,8,5.8,1,71438.0
6,128,3045,64,21,1.84,6,5.6,0,55122.0
4,64,4061,50,13,2.96,8,5.5,0,52985.0
6,64,2715,64,22,1.81,8,6.1,1,60203.0
12,32,4439,16,7,3.03,6,4.7,1,67342.0
4,64,5689,12,4,1.41,6,6.4,1,51708.0
12,64,3126,108,38,1.44,6,6.3,1,79204.0
12,128,5158,13,3,3.18,8,6.5,1,93976.0
3,128,3385,16,7,2.39,4,6.6,0,43047.0
2,32,5168,50,26,2.78,8,5.9,0,53212.0
3,64,2188,12,5,1.7,8,6.4,1,44778.0
2,32,4591,64,16,1.57,8,5.8,1,53821.0
2,32,5132,64,20,3.04,4,6.8,0,48196.0
6,256,2503,32,12,1.99,8,5.1,1,62907.0
2,16,4620,108,46,2.2,4,6.7,0,53071.0
4,64,2859,64,26,1.26,4,5.3,0,46386.0
8,32,5974,8,4,2.05,8,4.9,0,58558.0
2,256,3098,108,48,2.89,6,5.7,0,65417.0
8,128,3101,32,9,3.01,8,6.1,1,75208.0
4,64,2473,108,31,2.74,4,5.2,1,61888.0
3,128,4159,108,39,2.72,6,5.9,0,60635.0
6,128,5912,13,5,2.31,4,6.5,0,57417.0
6,512,5382,64,27,2.38,8,5.3,1,87973.0
8,64,2816,50,24,2.83,8,6.0,1,69741.0
6,256,2009,50,15,1.74,8,5.4,0,58130.0
8,256,2298,12,6,1.71,6,5.9,1,60466.0
4,256,2228,12,5,3.29,4,6.2,1,55188.0
3,128,5439,12,7,1.26,8,5.5,0,48094.0
8,128,4951,12,5,1.51,4,6.9,1,58744.0
8,64,3905,16,7,2.45,6,5.9,1,58349.0
16,128,3353,50,15,2.82,8,6.5,1,100545.0
4,128,5006,12,6,2.38,2,6.3,0,45612.0
4,128,4369,32,9,1.98,8,6.6,1,59779.0
8,64,4428,50,22,3.35,8,5.1,1,72779.0
4,128,3676,108,29,2.75,4,5.2,0,59781.0
12,256,2867,64,18,3.03,4,5.8,1,82779.0
8,32,3306,108,30,1.29,4,6.6,1,67841.0
4,256,4813,50,13,1.72,8,5.1,1,65225.0
8,128,3467,13,5,2.02,8,6.8,1,75900.0
8,256,5866,8,4,1.6,4,5.0,0,60293.0
3,64,2747,50,18,1.36,4,5.1,0,39957.0
12,64,2971,48,23,1.7,8,5.1,1,72885.0
6,256,1971,12,3,2.37,8,6.0,0,56875.0
8,64,2943,8,3,2.73,6,6.7,1,60368.0
4,256,3659,16,5,2.9,6,5.3,0,54979.0
8,64,3988,16,5,1.29,4,5.9,0,49241.0
4,128,4293,48,13,2.14,8,5.1,1,61122.0
2,64,5377,32,12,1.47,8,6.1,1,50604.0
12,128,1988,108,29,2.15,4,5.0,1,77884.0
2,64,5876,64,33,2.15,8,5.8,0,55754.0
4,16,1957,108,42,2.3,6,6.1,1,58284.0
12,64,4517,50,25,3.16,6,6.0,1,81519.0
12,16,3770,108,48,2.97,4,5.0,0,76013.0
6,512,2045,13,6,2.6,8,5.1,0,65278.0
6,512,4703,108,48,3.15,6,6.2,1,91817.0
4,64,4595,12,3,2.69,8,6.5,1,54589.0
4,128,5624,108,48,3.0,6,6.7,0,68731.0
4,64,4177,48,16,2.44,4,6.5,0,49401.0
6,128,2649,16,6,2.36,4,6.8,0,49718.0
8,256,3610,12,5,2.79,8,5.6,1,80811.0
8,256,5786,13,7,1.24,4,5.4,1,64592.0
8,64,3926,32,17,2.72,8,4.8,1,66023.0
2,128,4830,108,30,3.26,6,5.7,0,61021.0
4,64,4107,50,18,2.77,6,6.1,0,53920.0
2,512,4876,13,6,1.28,6,6.5,0,57342.0
6,16,4144,16,7,2.03,6,5.3,1,52794.0
4,128,2419,12,3,2.98,4,5.8,0,46201.0
8,128,4702,64,25,3.31,6,6.2,1,73919.0
4,128,4207,48,24,2.01,8,5.9,1,62529.0
3,32,4804,13,6,3.05,8,5.3,1,49399.0
3,256,5714,32,12,3.1,4,6.5,0,57994.0
8,32,4286,32,15,1.47,6,5.1,1,60730.0
6,128,5202,8,3,3.06,4,6.7,0,57406.0
3,64,5396,32,17,1.91,4,6.8,0,47180.0
2,64,3477,48,20,2.51,2,5.5,0,40460.0
6,128,5839,12,4,2.39,8,5.5,1,63120.0
2,64,3104,13,7,2.66,4,6.3,0,42986.0
8,32,5893,32,8,2.83,4,5.7,1,65117.0
6,32,3763,13,7,2.17,4,4.8,0,42940.0
2,64,5107,32,15,3.15,4,6.7,0,48171.0
2,128,3161,32,17,2.98,8,5.6,0,49096.0
16,256,3587,64,21,2.93,4,5.1,1,89553.0
4,32,2873,108,48,2.21,4,5.9,0,55656.0
4,64,2965,64,32,1.28,8,5.2,1,54011.0
8,32,5399,13,6,2.28,6,5.2,1,62919.0
12,16,4517,8,3,3.18,8,5.9,1,74839.0
16,128,4953,13,4,1.62,8,5.6,1,97021.0
8,128,5926,8,3,3.36,4,6.0,1,65632.0
4,32,4855,108,41,2.98,8,6.9,0,67227.0
2,64,2459,13,6,2.76,4,6.6,1,44955.0
8,16,4382,64,23,2.69,8,4.7,1,68473.0
6,256,2929,48,24,2.49,6,4.8,0,62602.0
4,512,4074,13,5,2.79,4,6.0,0,65054.0
12,32,3268,108,28,2.13,8,6.1,1,82111.0
3,64,3902,64,16,3.06,8,6.6,0,54644.0
4,256,5066,13,6,2.73,8,6.1,0,60522.0
2,256,4271,50,21,2.9,8,5.2,0,58790.0
4,64,2951,32,13,2.94,6,5.7,0,48572.0
2,32,1892,12,6,1.4,4,6.5,0,32674.0
3,16,4366,64,23,1.32,4,6.7,0,47028.0
3,128,3081,8,4,2.96,6,5.2,0,45628.0
6,64,4700,16,9,1.77,6,5.9,1,52499.0
6,16,4599,16,4,2.48,8,5.0,1,57166.0
6,128,4977,32,17,2.18,6,5.8,0,58001.0
12,16,4404,16,7,1.25,6,4.9,1,67741.0
4,128,5681,8,3,1.29,6,6.8,0,48571.0
4,64,4213,50,21,3.02,8,6.1,1,61699.0
8,16,3344,12,6,2.54,8,6.6,1,61846.0
3,128,5330,13,7,2.35,8,6.9,0,51964.0
12,64,4446,32,13,3.28,6,5.1,0,69754.0
2,512,3858,64,19,1.58,8,6.2,0,63313.0
12,128,2945,64,28,1.77,2,6.7,0,66512.0
2,64,2710,12,3,2.86,8,6.0,0,40449.0
8,128,5106,108,48,2.91,8,6.1,1,94450.0
6,64,3366,48,24,2.09,6,5.6,0,54527.0
16,256,4195,108,38,3.29,6,6.2,1,104700.0
2,64,4805,16,4,3.26,8,5.6,0,47042.0
6,128,1891,13,6,1.23,2,5.7,1,43650.0
12,32,5792,32,11,1.58,8,4.9,0,70999.0
6,64,2130,32,10,3.0,6,4.7,1,55677.0
6,256,2754,16,7,1.94,6,4.8,1,59609.0
6,256,5580,50,27,1.41,4,5.1,1,65966.0
4,64,4401,64,30,2.93,6,5.7,1,62724.0
6,64,4777,32,13,2.2,6,4.7,1,58554.0
6,256,2329,108,46,2.28,6,5.0,1,72176.0
12,256,4692,50,15,1.61,8,6.4,0,79461.0
2,32,3066,50,25,2.65,6,6.4,1,51544.0
4,64,3273,64,28,2.41,8,6.4,1,58326.0
12,64,3397,16,9,1.65,8,6.7,1,70224.0
8,256,4325,48,26,1.95,8,5.0,1,88834.0
4,32,5561,32,11,2.51,4,5.1,0,47129.0
6,64,4542,8,4,3.23,6,5.4,1,59832.0
4,128,2269,108,48,3.22,6,6.7,0,63984.0
3,32,5630,12,5,1.83,8,6.4,1,51446.0
4,64,2333,48,17,2.82,8,5.4,1,56581.0
4,64,5855,64,30,2.91,4,4.9,0,56317.0
6,64,5479,13,4,2.98,4,6.1,1,58223.0
2,64,5887,32,14,2.46,8,5.3,0,52230.0
12,128,2561,50,13,1.22,4,5.9,1,67107.0
16,32,2690,16,7,2.88,8,6.8,1,78163.0
6,128,4155,32,17,1.43,8,6.0,0,56185.0
6,256,3755,8,3,1.46,8,6.7,1,60549.0
4,128,4771,16,8,2.53,4,5.6,0,47197.0
8,32,3472,50,17,3.36,4,6.1,1,64726.0
6,32,4636,50,23,1.73,8,6.7,0,58114.0
3,64,5444,16,7,2.62,8,6.0,0,50238.0
12,64,4097,48,15,1.87,6,6.1,1,72505.0
8,64,5861,32,14,3.18,6,6.3,1,69661.0
12,128,4966,8,4,2.51,8,6.6,1,91698.0
6,32,3119,64,23,1.66,8,4.9,0,54401.0
6,16,1983,50,23,1.78,8,5.4,0,48509.0
4,64,3083,32,14,2.15,8,5.6,0,50089.0
12,128,4646,50,16,1.47,2,6.7,1,69541.0
8,32,4033,13,7,1.37,4,6.8,0,48861.0
2,128,5888,64,27,2.7,8,5.0,0,55801.0
2,64,3232,32,11,2.1,8,5.0,1,48505.0
4,256,4940,12,4,2.8,4,6.8,1,59072.0
8,256,3596,12,5,1.44,4,5.4,0,55719.0
16,64,3855,16,8,2.54,8,5.2,1,80180.0
3,64,5136,50,22,2.18,4,4.8,1,51140.0
6,64,2582,16,7,1.33,6,5.3,0,41152.0
4,64,3307,108,48,2.4,8,6.2,1,66532.0
12,128,5654,12,5,1.38,8,5.6,0,67032.0
8,256,2476,48,19,3.02,8,5.8,1,85508.0
8,128,3630,16,9,2.59,6,6.7,1,67284.0
4,256,5890,48,26,2.43,8,5.0,1,71958.0
4,64,3160,108,40,1.49,8,4.9,0,56995.0
4,32,4486,108,48,1.83,8,6.6,1,65700.0
2,128,1990,108,36,2.28,8,6.4,0,53948.0
8,64,2642,108,32,2.59,4,5.3,1,68404.0
8,128,2134,13,6,1.6,4,5.4,0,47880.0
16,64,2910,108,41,1.22,4,5.4,1,83111.0
16,32,2378,13,4,1.96,4,6.1,1,68654.0
6,512,1861,13,6,2.26,8,4.8,1,70642.0
8,32,2186,32,17,1.61,8,5.8,1,59347.0
12,512,2969,48,25,2.28,8,5.0,1,99526.0
8,512,4000,108,46,1.94,8,6.5,1,108573.0
3,128,3483,8,3,2.2,6,5.5,1,48636.0
4,128,2286,64,19,1.96,6,5.9,1,56864.0
3,128,5532,16,8,2.58,6,4.8,0,50554.0
12,256,2340,50,27,1.29,4,4.8,1,73374.0
6,64,3860,48,25,1.58,4,6.2,1,55476.0
3,64,3038,48,23,2.15,8,6.4,0,51441.0
6,128,2790,50,13,1.98,8,6.3,1,63374.0
6,64,4099,16,6,2.06,4,6.3,0,49716.0
4,64,5707,48,18,2.97,2,4.9,1,54012.0
3,64,2880,13,7,3.15,8,6.2,1,50151.0
6,128,1997,32,9,1.75,4,5.1,0,49071.0
6,256,3994,12,5,3.04,8,4.9,0,60735.0
8,64,3398,13,4,2.21,8,6.4,1,61761.0
6,256,3400,108,48,1.8,8,6.7,1,79602.0
8,128,5492,48,23,3.37,6,6.3,1,77273.0
6,256,5665,13,6,3.01,8,6.5,0,67306.0
6,128,2483,12,6,3.39,6,6.9,0,54318.0
8,128,4883,32,14,1.57,8,5.0,0,60824.0
4,16,5789,32,10,1.52,6,6.8,1,53825.0
3,256,2132,8,3,2.31,4,6.0,0,44961.0
2,16,3571,13,7,2.61,8,6.5,0,42036.0
8,256,6000,50,17,1.58,8,6.1,1,81835.0
6,512,4521,108,29,3.09,8,6.0,1,90626.0
6,64,2606,32,12,2.37,8,6.2,1,58283.0
3,64,2864,16,6,2.1,8,5.4,0,43207.0
3,128,2688,13,5,2.52,4,6.7,0,45474.0
2,64,4723,108,45,2.6,8,5.0,1,66024.0
4,256,2120,50,27,1.29,8,5.4,1,58640.0
6,32,5757,50,24,3.4,8,4.8,0,64282.0
4,32,4182,64,17,2.0,8,5.3,1,53877.0
4,512,5031,8,4,1.34,4,5.2,1,64576.0
12,128,4111,16,8,3.08,8,4.8,1,87338.0
4,256,5401,32,17,3.38,2,5.8,1,63274.0
6,64,3300,32,12,3.0,6,5.7,0,54424.0
8,128,3368,8,3,3.07,8,4.9,1,73901.0
4,128,5081,13,7,2.58,4,5.3,0,48238.0
6,128,3319,12,6,3.23,8,6.8,1,64198.0
8,128,3718,50,21,1.28,2,4.9,1,59090.0
12,128,5889,32,9,2.89,4,5.4,0,72316.0
3,64,3665,13,6,2.68,8,4.8,0,45548.0
12,64,3205,64,17,1.31,8,5.0,1,72042.0
4,128,4523,8,2,2.4,8,6.2,0,51369.0
4,64,1804,8,3,2.33,8,5.5,1,47521.0
4,128,2968,48,17,2.72,8,5.7,1,60624.0
16,64,4198,8,3,1.37,6,5.0,1,72408.0
4,128,4430,16,6,2.97,2,6.2,1,52648.0
4,128,2147,48,12,1.51,4,6.4,0,47413.0
6,64,3613,8,2,2.12,8,5.1,1,54163.0
3,32,5142,108,31,3.14,8,4.8,1,67368.0
2,32,4374,16,6,2.43,6,4.9,0,37542.0
3,128,5625,108,34,2.04,8,6.1,1,66978.0
3,256,1852,108,37,1.31,8,5.0,0,58722.0
3,16,1948,48,19,2.68,4,5.8,1,47038.0
3,128,2302,50,16,3.37,4,5.0,0,48779.0
6,64,2669,8,3,3.21,8,5.1,0,55096.0
3,64,5321,32,16,2.78,8,4.7,1,56067.0
4,256,5671,13,5,1.43,8,5.4,0,55415.0
8,64,3100,48,24,1.73,4,4.9,1,57871.0
4,64,4299,16,6,1.61,8,5.6,0,47751.0
6,16,5833,108,48,1.98,4,6.0,0,62161.0
3,32,5089,50,16,1.72,2,5.5,1,46665.0
3,64,5653,16,7,1.74,8,6.3,1,51729.0
2,16,4251,48,19,2.56,4,6.3,1,50375.0
3,128,2138,12,6,1.9,8,6.2,1,48986.0
4,64,4624,13,5,2.69,4,6.8,1,52414.0
3,128,3493,50,25,3.29,8,5.2,1,60801.0
2,32,2786,16,7,2.6,8,5.1,1,47528.0
3,64,5290,50,23,2.85,6,6.0,0,53812.0
4,128,4533,108,48,2.85,8,6.0,1,76131.0
3,512,5567,32,18,1.93,4,5.8,1,69984.0
4,32,5876,8,4,1.23,8,4.7,1,47817.0
6,256,3806,32,11,1.32,6,5.9,0,57916.0
6,128,4907,48,16,1.82,4,6.8,0,58605.0
2,128,5130,12,4,2.72,6,5.4,1,50942.0
8,128,4841,64,18,3.19,4,6.8,0,68562.0
6,32,2330,12,3,3.31,8,5.5,0,49336.0
2,32,2723,108,46,1.26,6,5.0,0,46653.0
8,128,5918,12,6,3.38,4,5.6,1,66752.0
12,64,2040,13,3,1.91,6,5.8,1,62159.0
2,256,3696,64,27,3.05,6,6.1,1,63708.0
4,64,5124,48,17,1.6,8,5.8,1,58802.0
8,32,2613,8,4,1.34,8,5.9,1,53399.0
6,128,2582,16,5,2.03,6,4.8,1,51696.0
3,64,5855,32,13,3.09,8,5.3,0,52274.0
3,128,1807,13,7,1.69,8,5.4,1,48545.0
4,128,5573,8,3,1.54,4,6.9,1,49206.0
4,256,4939,13,6,3.2,8,5.4,0,60464.0
6,128,5589,108,48,3.26,8,6.7,0,79091.0
4,128,5851,12,4,1.23,8,5.4,0,48511.0
4,128,2317,8,4,2.8,8,4.9,1,51314.0
6,256,4990,50,25,1.88,6,5.2,0,63957.0
2,64,4902,50,15,2.02,8,5.3,1,54171.0
4,16,4516,32,11,2.23,8,6.9,0,50362.0
6,64,2378,12,5,2.14,6,6.2,1,51731.0
8,64,3665,8,4,2.33,8,6.7,1,62176.0
6,128,3176,32,10,2.48,6,6.5,0,54911.0
6,128,4738,16,8,2.22,8,6.0,0,56719.0
3,128,2705,108,36,2.74,8,6.2,0,64374.0
4,16,2764,32,16,2.78,2,6.1,0,43817.0
6,128,3776,12,5,2.17,6,6.2,1,58796.0
3,64,3687,16,7,1.51,8,5.3,0,42244.0
4,128,4247,108,48,2.61,4,5.6,1,64609.0
4,128,2791,64,33,2.9,2,6.0,1,60484.0
2,64,5356,13,5,2.6,6,4.8,0,43002.0
4,32,5759,64,31,2.49,6,5.8,0,57309.0
3,32,5404,12,4,1.7,6,6.6,1,49561.0
4,256,2883,13,6,2.62,4,5.8,1,54082.0
3,256,2234,32,15,1.94,4,5.9,1,53444.0
8,128,1820,64,25,3.22,8,5.1,0,65957.0
6,32,4722,8,4,2.64,8,6.4,1,58559.0
6,64,3725,16,7,1.81,4,5.5,1,50309.0
8,128,3272,8,4,2.24,6,6.8,1,59858.0
4,128,2899,8,2,3.06,8,6.9,1,53768.0
2,32,4437,32,9,1.94,4,6.7,0,44885.0
6,16,2189,48,24,2.36,4,4.9,0,50147.0
6,128,5213,8,4,2.7,4,5.4,1,58182.0
6,64,4415,48,19,2.86,8,6.8,1,68878.0
4,64,3154,32,17,1.58,8,6.5,0,50275.0
3,16,1805,16,7,2.44,8,6.7,0,42883.0
4,128,1990,32,17,3.21,8,6.0,1,57887.0
4,256,1947,64,26,3.33,8,5.8,1,69346.0
6,512,5350,108,34,2.64,6,4.9,0,85127.0
6,128,5905,12,5,3.36,8,6.5,0,64175.0
4,128,2910,48,26,2.46,2,6.3,0,48314.0
16,32,5633,13,5,2.17,8,4.8,1,81531.0
6,128,2424,12,6,2.41,8,5.2,1,57305.0
3,64,5925,8,4,1.45,8,5.9,0,45565.0
3,128,3975,16,6,2.08,6,6.2,0,46698.0
3,64,4949,64,26,2.21,4,5.0,0,51506.0
3,64,2878,13,6,3.07,8,5.2,1,52925.0
3,32,5351,32,14,2.87,8,5.1,0,52168.0
3,64,4152,32,9,2.52,8,5.2,1,53499.0
4,32,2345,32,17,1.96,6,6.7,0,45960.0
3,32,2995,108,46,1.61,8,6.3,0,54485.0
8,512,3869,64,34,1.97,8,6.3,0,81619.0
2,64,5158,64,28,2.7,8,6.4,1,62340.0
6,128,4238,8,3,1.78,8,5.5,1,60342.0
4,256,2416,8,3,2.14,8,6.4,1,58379.0
16,512,5143,12,6,2.05,8,6.9,1,110465.0
3,128,3611,64,22,2.88,8,6.2,1,59221.0
4,256,1971,8,4,3.14,8,5.6,0,54908.0
12,64,5942,16,6,2.74,4,6.3,1,73669.0
8,64,2425,108,48,1.95,4,6.7,1,70097.0
8,64,5863,12,6,2.15,8,5.0,0,57551.0
4,128,4054,13,6,1.52,8,5.3,0,47269.0
3,128,2252,48,19,1.57,8,6.7,1,56345.0
6,64,3218,13,6,1.56,6,6.8,1,51131.0
12,32,2553,16,8,1.49,4,5.8,1,61665.0
6,128,5172,108,45,1.6,8,5.5,1,73198.0
6,32,4523,108,48,1.65,8,5.3,0,65409.0
4,128,4810,32,16,1.45,6,5.8,0,49924.0
8,128,4711,50,20,2.61,6,6.8,1,73132.0
3,128,3025,108,44,3.38,8,5.0,0,63940.0
4,128,1967,64,20,3.13,4,5.6,0,53578.0
4,256,5485,50,16,1.3,8,6.7,0,64076.0
6,64,1885,64,33,2.13,4,5.5,0,53247.0
3,128,3477,32,16,3.09,8,6.4,1,59550.0
3,128,3782,32,8,1.5,8,5.6,1,53961.0
6,32,3286,32,16,3.06,8,6.5,1,62432.0
4,16,2241,8,2,2.5,6,6.9,0,41048.0
6,64,2070,48,19,3.25,8,5.6,1,61237.0
3,64,2143,32,9,3.13,6,6.6,1,52225.0
4,128,3006,64,35,2.69,4,6.9,0,54451.0
6,256,4881,64,35,2.65,8,6.9,1,76512.0
2,32,3057,12,5,1.67,8,5.7,0,38098.0
4,32,4091,48,18,1.46,8,5.8,1,51962.0
3,512,3332,48,19,2.11,6,5.4,1,67579.0
2,32,5222,13,6,1.61,2,5.4,1,38926.0
16,64,3453,8,3,1.43,2,5.8,1,72509.0
4,128,2038,50,19,1.87,8,5.1,1,56259.0
8,128,2714,32,15,3.09,8,6.3,1,75749.0
4,32,3238,32,12,1.24,8,5.9,1,48704.0
6,32,4816,64,17,1.84,8,6.7,0,56093.0
8,32,3260,32,13,2.13,2,6.5,1,53813.0
6,128,4879,32,15,2.32,6,5.4,1,59854.0
4,128,4058,8,4,1.6,4,5.8,0,41814.0
4,64,2166,12,3,3.32,6,6.4,1,51183.0
4,128,4791,32,13,2.47,4,5.1,0,50067.0
12,256,5541,50,19,2.35,8,4.8,1,94570.0
8,16,1885,13,4,1.22,4,6.6,1,48957.0
12,64,4293,8,4,2.27,8,5.0,1,68416.0
3,128,1931,12,4,3.04,6,6.7,0,46169.0
6,64,2703,13,4,1.68,8,6.7,1,55104.0
12,64,5256,108,48,1.97,8,5.7,1,88069.0
3,128,3021,64,25,1.25,8,6.5,0,52969.0
2,256,3563,16,9,3.35,2,5.5,1,49910.0
6,256,4604,64,23,1.35,8,6.6,0,66451.0
6,128,3026,108,42,3.18,8,6.5,1,74965.0
8,128,3084,13,4,1.89,4,4.9,0,49583.0
3,64,2489,48,15,2.49,4,6.0,0,42392.0
8,128,3796,64,34,2.69,6,6.1,1,75627.0
3,64,2909,50,24,1.51,8,4.7,0,47368.0
3,32,2229,108,38,2.18,8,6.9,1,63208.0
3,128,5926,50,23,1.92,8,5.6,1,61649.0
8,128,5581,8,4,1.32,4,5.8,0,53088.0
6,64,2402,108,29,3.03,2,5.1,0,58803.0
6,256,2239,32,11,1.3,8,6.0,0,59740.0
4,16,2784,48,15,2.64,4,6.5,1,51964.0
8,64,3718,12,6,1.89,8,6.0,1,60399.0
4,32,2327,12,4,1.62,8,6.4,1,47269.0
8,128,4796,16,5,2.67,4,6.3,1,65281.0
4,128,5267,16,7,2.46,8,5.2,1,58279.0
4,64,3161,32,14,1.89,4,5.7,1,48267.0
4,128,2503,50,25,2.33,8,5.0,1,57118.0
4,64,2462,8,3,1.74,4,4.8,0,37629.0
6,128,2164,16,7,3.1,8,4.8,1,57141.0
6,64,2722,108,48,1.89,6,6.8,0,62135.0
3,64,5656,64,22,1.74,6,6.9,1,58017.0
8,256,1975,13,4,2.85,8,4.9,0,60388.0
4,64,2735,48,22,1.24,4,5.4,1,47646.0
6,32,2181,108,48,1.79,8,5.0,1,66662.0
12,128,2105,64,24,2.03,6,6.5,1,77536.0
6,512,4190,50,16,3.14,8,5.8,0,78032.0
3,64,4003,50,24,3.29,4,6.1,1,55202.0
12,32,3265,8,4,2.78,8,5.9,1,69618.0
6,64,5071,32,16,2.28,4,6.3,0,54776.0
4,128,2202,50,25,2.61,6,5.4,1,55708.0
3,32,4470,12,4,2.11,4,5.0,0,38474.0
8,128,3601,48,24,1.86,8,4.7,1,80432.0
6,512,4450,12,4,3.29,4,5.7,1,74726.0
6,64,1976,13,7,1.45,8,6.7,1,52459.0
8,64,2542,8,4,1.96,8,5.4,1,57522.0
8,64,4148,13,5,3.18,4,5.1,0,54740.0
3,32,2550,50,22,2.79,8,6.7,1,55313.0
4,256,2668,32,9,1.26,4,4.9,0,43246.0
3,64,5862,16,4,1.25,6,4.8,1,49736.0
6,64,5767,64,22,2.34,8,6.6,1,69553.0
2,128,2013,64,32,2.27,8,6.2,1,58802.0
6,64,3417,8,3,2.17,8,5.6,1,57006.0
8,128,4330,108,34,1.87,4,6.4,0,67491.0
8,32,5133,108,48,3.37,6,6.3,0,74515.0
4,256,3397,12,4,1.8,4,4.8,0,45369.0
8,256,2311,12,6,2.28,8,6.2,1,81770.0
3,128,2052,64,25,2.09,8,6.1,0,49892.0
8,512,5933,48,19,1.57,8,6.8,0,80647.0
3,32,2428,13,4,1.65,4,6.8,0,34564.0
4,64,5276,12,6,3.22,6,5.5,0,52370.0
8,128,2786,32,9,3.09,6,6.0,1,63345.0
3,128,3525,64,19,1.64,2,5.0,0,47797.0
3,64,3893,48,21,3.13,6,4.8,0,50276.0
6,64,3501,13,7,1.66,8,5.7,0,51749.0
6,32,2104,108,30,2.58,8,6.2,0,61361.0
6,64,5878,64,30,1.38,8,5.9,0,62543.0
6,32,4080,48,23,3.14,6,5.6,1,60554.0
6,128,4607,8,3,1.31,2,6.5,0,44092.0
4,64,4686,12,5,2.42,8,6.4,1,56811.0
4,32,5254,16,6,2.92,2,6.3,0,45388.0
3,128,2824,12,4,1.46,8,4.9,1,46760.0
12,128,4775,13,6,2.09,6,6.5,1,71759.0
6,256,2306,64,17,1.29,6,6.7,0,57985.0
4,128,4751,108,46,2.7,8,4.8,0,64799.0
4,64,2853,48,16,1.88,2,5.6,1,46709.0
12,256,4474,16,6,2.43,8,6.9,1,91344.0
3,128,4367,12,5,3.25,8,6.0,0,52534.0
6,32,3704,50,26,1.87,4,5.8,1,56132.0
6,128,4694,50,21,1.31,6,5.1,1,57823.0
6,256,2900,108,34,2.69,8,5.9,0,73389.0
2,64,5461,32,9,2.93,8,5.7,0,50525.0
8,64,3436,16,7,3.31,2,5.0,0,51562.0
12,32,3255,48,20,1.55,8,5.7,1,69884.0
6,32,5413,12,5,2.06,4,5.1,0,48949.0
6,64,1838,12,5,3.06,4,6.3,0,44305.0
12,128,4884,108,48,2.98,4,6.8,0,82585.0
6,32,4531,50,26,2.57,2,5.7,1,57717.0
3,256,4215,50,13,1.79,4,6.1,0,51917.0
6,128,2558,32,15,1.82,8,5.6,1,59224.0
6,128,4916,50,13,1.47,6,5.0,1,60962.0
4,256,2564,108,41,3.23,4,6.8,1,70552.0
6,32,4222,32,12,1.58,4,5.0,0,44639.0
12,64,3114,108,48,2.46,8,4.9,1,85296.0
12,128,5795,8,3,2.49,8,5.7,1,88044.0
4,256,5829,13,6,2.01,4,6.1,0,51944.0
3,128,5493,50,18,1.98,2,5.5,0,45364.0
16,64,4985,16,6,2.67,4,5.1,1,79333.0
8,256,4666,12,4,2.05,4,6.5,1,65006.0
3,32,3117,13,6,1.76,4,5.5,1,39673.0
12,256,2500,50,14,2.08,6,5.1,1,78939.0
8,512,4001,64,23,2.98,4,5.5,0,76770.0
6,32,3393,108,36,3.33,8,5.2,0,66785.0
6,128,5787,48,15,2.6,4,5.8,1,65785.0
4,16,5945,108,29,2.92,8,6.2,1,71158.0
2,64,3030,16,5,2.37,8,6.5,0,41386.0
4,128,4412,32,12,2.57,8,5.2,1,61228.0
8,128,4937,8,3,3.37,6,5.1,1,68288.0
2,256,3708,108,36,2.16,6,4.7,0,61661.0
4,128,3590,108,48,1.35,6,5.2,0,57382.0
4,64,4728,108,38,3.31,8,4.8,0,65597.0
6,256,2888,13,5,2.94,6,5.5,0,59448.0
12,512,4181,64,31,2.08,8,5.0,1,107117.0
4,16,5927,13,5,3.36,8,6.0,1,57748.0
4,512,4745,48,26,1.96,6,5.5,0,68535.0
6,32,5369,32,11,2.02,8,4.9,0,52897.0
4,256,2965,64,32,2.54,4,5.6,1,64378.0
3,64,2400,13,6,1.8,4,5.2,0,36044.0
4,32,3825,8,4,2.74,6,6.2,1,52938.0
3,64,3384,108,48,1.54,4,5.5,0,49587.0
3,128,2787,108,27,1.44,8,5.0,1,58756.0
4,64,3765,13,4,2.38,4,5.5,0,43045.0
4,32,3239,12,5,2.42,6,5.2,0,46192.0
12,128,2668,16,6,1.43,8,6.5,1,78433.0
4,256,3863,64,32,3.32,8,6.9,1,71984.0
6,64,2929,48,12,2.46,6,4.8,1,57580.0
6,64,5529,8,4,1.53,8,6.2,0,51906.0
2,64,3734,64,19,1.89,8,5.3,0,49726.0
6,16,2876,32,11,2.96,6,4.8,1,56608.0
3,256,3439,48,26,2.35,4,4.7,0,54830.0
12,256,3192,32,8,1.61,6,6.6,1,73638.0
3,128,1830,32,11,1.43,8,5.5,1,46129.0
4,64,2503,13,4,2.15,8,6.9,1,50546.0
2,128,2668,16,8,1.94,8,5.7,1,48883.0
16,128,2032,32,15,2.64,6,5.1,1,82119.0
6,256,2750,12,6,3.24,4,6.4,1,62208.0
6,128,1858,48,20,1.75,2,6.7,1,54846.0
2,128,4618,12,4,3.08,6,6.5,0,50265.0
6,128,5400,16,4,3.23,8,6.3,0,60748.0
3,64,4949,8,3,3.18,8,5.4,1,56414.0
8,512,2101,16,6,3.29,4,4.8,1,76045.0
3,128,4650,50,22,3.05,6,5.1,0,54149.0
3,128,4744,64,20,2.51,6,5.7,1,58791.0
2,64,3723,12,4,2.1,6,6.8,1,46901.0
4,128,2116,13,4,2.28,4,6.3,0,45788.0
6,128,3688,8,3,3.12,4,6.5,0,51728.0
2,32,4515,50,15,1.86,4,5.3,1,49446.0
8,32,3681,16,5,1.55,4,6.2,0,47951.0
4,128,5698,64,17,1.51,4,6.6,0,54051.0
6,128,5913,32,16,3.02,2,5.8,0,56000.0
4,128,2978,108,34,2.88,8,5.6,0,64728.0
4,64,5655,48,24,2.29,6,6.3,1,60265.0
6,128,2131,12,5,1.8,8,5.9,1,55021.0
3,32,2327,8,4,2.69,4,6.9,1,42813.0
3,64,3859,8,2,1.28,6,5.6,1,43105.0
8,32,2898,108,46,2.45,6,5.1,0,66229.0
12,32,2011,8,3,2.08,2,5.7,1,57718.0
4,64,3514,13,4,3.35,8,5.2,1,54978.0
4,64,4488,12,6,2.32,2,5.9,0,40343.0
6,32,4130,16,7,2.41,8,5.0,0,48959.0
4,64,5066,8,3,2.77,8,6.8,0,52638.0
2,128,2832,8,3,2.27,8,6.6,0,44473.0
3,64,3132,16,6,1.69,8,5.0,1,47030.0
6,64,3640,16,7,2.38,8,5.1,1,57822.0
6,256,3938,50,22,3.28,6,5.8,1,71052.0
2,32,5891,64,16,2.1,8,6.4,1,57082.0
3,128,2243,64,20,2.7,2,5.2,1,50344.0
3,32,5974,64,25,3.35,4,4.8,0,51474.0
6,32,3298,108,41,3.03,6,5.9,0,65629.0
2,128,2726,8,3,2.65,8,6.2,0,45717.0
3,128,2422,108,48,2.82,8,5.2,0,62737.0
8,256,3279,64,29,3.26,4,6.3,1,75028.0
3,128,4837,8,3,3.31,8,6.8,1,57492.0
6,512,5185,50,26,3.33,4,5.0,0,75652.0
3,16,5118,108,29,2.58,6,5.8,1,62047.0
2,32,2033,16,7,2.05,6,4.8,0,32352.0
3,16,3417,108,48,1.49,6,5.2,1,57411.0
6,32,4491,8,3,2.05,4,4.9,0,46610.0
8,128,3830,108,42,3.27,8,5.6,1,94541.0
8,128,2186,48,14,3.16,8,6.5,1,83411.0
4,16,3434,16,8,2.35,6,6.0,1,48033.0
6,256,5933,32,12,2.38,6,5.2,1,69783.0
3,256,2984,50,23,1.88,8,4.8,1,59478.0
4,64,3767,16,5,2.2,8,5.9,1,51060.0
8,32,2040,64,17,2.77,6,5.0,0,59900.0
2,32,2361,13,4,2.09,4,5.5,0,34625.0
2,32,3799,12,4,1.61,8,5.8,1,46665.0
3,32,3729,8,4,2.39,8,6.7,1,51284.0
2,128,4579,48,24,1.7,4,4.9,0,44468.0
3,64,3475,12,5,3.34,4,6.2,1,48658.0
6,64,4315,64,16,2.06,8,4.7,1,64570.0
4,512,3477,16,5,3.2,2,6.1,1,64318.0
8,128,5941,108,48,1.7,8,5.9,1,91813.0
8,256,5546,16,4,1.62,4,6.5,1,66980.0
4,32,5156,16,7,2.56,8,5.9,1,56683.0
4,64,3451,64,16,2.91,6,5.5,0,54038.0
4,128,5977,64,29,2.45,6,5.2,0,60056.0
6,32,5641,32,16,1.71,8,4.9,1,59324.0
4,16,4241,13,5,1.28,6,5.9,1,45841.0
6,128,2394,12,6,2.56,8,6.7,0,50413.0
4,128,4412,108,48,1.49,2,5.8,0,57410.0
6,64,5896,108,48,1.95,2,6.3,1,71475.0
4,64,3296,32,12,2.69,4,5.4,0,44945.0
4,64,5355,64,21,1.42,8,5.7,1,57746.0
12,16,5158,50,25,1.48,4,5.4,1,72249.0
8,64,3401,13,6,1.34,4,4.9,0,48188.0
3,32,2714,32,16,3.39,6,5.6,1,52829.0
8,32,3644,108,45,2.05,8,6.4,1,75422.0
4,512,3795,16,5,3.19,8,5.6,1,71594.0
8,128,1894,13,7,1.85,4,6.1,0,51660.0
8,128,2292,50,15,2.86,4,6.4,1,63958.0
4,64,4869,64,33,1.68,8,5.4,1,59395.0
2,64,1949,32,10,2.3,4,6.5,0,39556.0
4,64,2846,64,23,3.01,8,5.4,0,55873.0
6,32,4603,32,12,3.0,8,5.3,1,62835.0
6,32,2198,108,48,2.95,8,5.2,1,70041.0
4,128,2351,50,26,3.01,4,5.1,1,56855.0
3,128,2094,32,16,1.67,8,6.3,1,53066.0
8,128,2943,108,39,2.26,8,6.7,1,91668.0
16,64,2255,32,8,2.27,8,5.2,1,81204.0
6,256,3353,64,29,3.16,6,4.9,1,73074.0
3,32,1968,16,6,1.85,4,5.4,0,35932.0
4,64,3746,108,48,3.25,4,6.1,0,60752.0
2,64,2053,48,23,2.19,8,5.5,0,46413.0
12,128,4176,48,18,2.67,8,5.9,1,94703.0
3,512,3120,13,6,1.79,6,6.3,0,56085.0
6,64,4683,13,7,2.1,6,5.6,1,54283.0
4,256,5407,16,8,2.76,6,6.9,1,62319.0
6,256,3925,8,3,2.33,8,5.4,1,62101.0
6,64,5296,48,23,3.25,8,6.9,1,68581.0
8,64,4040,8,3,2.82,4,5.1,1,59210.0
3,64,2200,16,4,2.44,6,4.9,1,45058.0
2,512,3956,50,15,3.15,4,6.4,1,70741.0
3,32,4176,48,14,2.66,8,6.2,1,54808.0
12,128,2162,64,19,2.62,8,6.5,1,86084.0
8,64,5738,16,4,1.74,8,5.5,1,62330.0
6,128,5651,108,48,2.07,4,6.7,1,74501.0
6,64,5212,64,27,2.7,8,5.0,0,64542.0
6,128,4106,32,12,3.16,4,4.8,0,55286.0
3,256,1884,48,18,1.89,8,5.4,1,58001.0
12,256,3624,32,12,1.67,4,6.5,0,69386.0
4,256,5685,48,13,2.51,8,6.2,1,68363.0
4,32,2107,8,3,1.35,8,5.7,0,40036.0
6,128,3721,16,8,2.77,8,5.3,1,62219.0
2,32,2430,108,48,2.75,8,4.8,0,57348.0
3,64,4171,16,7,1.98,4,5.4,1,44123.0
6,128,5100,12,5,3.16,2,5.7,1,56385.0
2,64,5467,48,16,2.3,8,6.2,1,55942.0
6,128,2526,12,5,2.62,6,6.1,0,52439.0
3,512,3448,13,6,1.66,4,6.8,1,63965.0
4,32,3069,50,23,2.12,6,4.9,1,52365.0
4,128,2118,16,5,3.1,8,5.4,1,53475.0
4,64,5275,8,4,1.67,2,5.8,0,39344.0
6,32,4578,108,38,2.06,4,6.2,1,65624.0
4,32,4858,48,19,1.9,2,5.8,0,46004.0
6,256,5934,108,47,1.53,6,6.7,1,80291.0
4,256,3402,13,5,1.84,8,6.0,1,58229.0
6,256,4056,32,13,1.71,8,4.8,1,63928.0
12,512,2629,108,31,3.23,8,5.0,1,112571.0
6,64,2655,48,18,2.83,4,6.4,0,54344.0
3,64,4448,12,4,1.9,8,6.3,0,45005.0
2,128,3658,8,2,2.88,8,5.0,0,45118.0
4,64,2902,108,33,1.25,4,4.8,0,49061.0
6,64,4281,8,3,2.36,8,6.0,1,55690.0
2,64,3620,32,10,1.75,8,6.1,0,46367.0
4,128,3879,8,2,1.45,8,5.0,0,44998.0
6,128,4958,32,13,3.14,8,5.7,1,64797.0
4,32,4240,32,17,1.64,4,5.4,1,48544.0
8,64,5484,50,24,3.01,4,6.7,1,69549.0
3,128,3055,50,26,2.11,8,5.2,1,53718.0
2,128,4757,8,3,1.23,4,6.3,1,45449.0
6,64,5451,108,40,2.81,6,5.8,0,70008.0
4,128,4039,8,4,2.51,8,4.7,0,50865.0
6,16,3739,32,11,1.96,8,5.8,1,57324.0
4,64,2069,50,14,1.82,6,4.9,1,47878.0
3,128,5864,64,23,1.36,8,6.1,1,61184.0
8,128,5575,12,4,3.27,8,5.9,1,80701.0
8,64,2912,8,4,2.29,8,4.7,1,57510.0
6,128,2448,16,7,1.39,4,5.2,0,46940.0
4,128,2979,16,5,3.11,4,6.4,0,46571.0
6,128,3942,48,25,1.81,6,5.3,1,60697.0
4,128,1816,8,3,1.65,4,5.8,1,43966.0
2,128,1916,8,3,1.82,4,5.4,0,35408.0
12,64,3345,13,7,2.44,4,6.7,1,69645.0
3,32,4951,32,9,1.36,6,5.9,1,48255.0
12,64,4493,48,23,2.26,8,6.2,1,78735.0
4,64,5889,32,12,3.17,4,4.9,0,50324.0
3,128,3076,32,15,1.61,8,4.8,0,47204.0
6,128,5040,108,48,1.93,8,5.3,0,72965.0
8,64,5588,12,5,2.07,4,5.4,0,53909.0
6,16,2171,8,2,2.49,8,6.2,0,49025.0
8,64,4607,48,12,3.22,8,6.0,1,69428.0
6,64,1955,108,38,2.07,6,5.5,1,63919.0
6,128,4461,50,24,1.35,8,6.1,1,63609.0
8,16,2264,64,22,1.97,4,5.1,1,58682.0
3,128,3573,32,11,1.62,8,4.8,1,51597.0
4,256,1916,16,8,2.63,2,6.6,0,48986.0
3,32,3903,48,14,1.26,8,5.9,1,50076.0
16,64,3174,13,7,1.84,6,6.1,1,76813.0
12,32,5003,8,3,2.4,8,5.4,1,71518.0
2,128,5346,16,4,1.81,4,5.5,1,45573.0
6,128,5777,108,31,2.41,8,4.9,1,72981.0
12,64,2996,16,9,1.45,8,6.6,1,68490.0
3,128,5211,8,3,3.27,6,6.0,1,54954.0
6,256,2596,16,5,1.84,8,4.9,1,60607.0
12,32,5692,50,20,3.23,6,6.5,1,78838.0
2,16,1950,13,6,1.92,8,5.7,1,42310.0
6,256,5049,48,17,2.92,6,6.4,0,69863.0
4,128,1911,8,4,1.74,8,4.7,1,47595.0
12,256,2482,16,5,2.67,8,4.8,1,86863.0
12,128,2961,13,4,1.91,6,5.1,1,67468.0
12,256,4179,8,3,2.32,4,5.2,1,72200.0
4,64,1960,13,4,2.68,6,6.4,1,47519.0
8,128,3225,16,9,2.5,8,6.3,0,60102.0
8,256,5461,32,8,2.47,4,6.1,1,72429.0
4,128,2077,48,23,1.34,8,6.6,1,54375.0
8,32,5191,12,4,1.75,8,5.2,0,56746.0
2,64,3356,12,6,2.46,6,6.7,0,41358.0
6,32,3715,48,13,1.24,8,6.7,1,57903.0
3,64,4907,32,17,1.75,4,5.7,0,45883.0
3,64,2102,8,2,1.7,4,4.9,0,33654.0
2,128,4573,13,6,1.75,8,6.3,1,51797.0
6,128,5045,32,13,2.38,4,5.4,0,55091.0
4,64,2800,12,5,2.48,4,6.4,1,48177.0
6,128,5634,8,3,3.2,8,5.1,1,64340.0
2,32,5806,108,48,2.05,6,5.9,0,57802.0
4,32,3518,32,10,3.24,8,5.8,1,57170.0
6,32,5630,12,6,2.63,8,4.9,0,55784.0
8,128,4981,16,6,3.21,4,5.5,0,61020.0
4,64,4682,13,7,3.03,2,4.9,0,43184.0
6,64,2798,50,22,2.71,8,5.7,1,65086.0
8,64,2084,8,2,1.98,6,6.6,1,55386.0
6,256,2220,16,6,1.73,4,5.3,0,51544.0
3,16,3960,50,13,1.69,8,6.4,1,49074.0
2,128,4865,32,11,3.29,2,5.1,0,47300.0
8,128,4075,16,6,3.31,8,6.2,0,65418.0
2,128,3294,16,8,2.79,4,6.7,1,48566.0
8,256,5684,12,6,3.14,4,5.4,1,67350.0
6,16,4343,64,16,3.22,4,6.7,1,61814.0
12,32,5926,16,7,2.33,8,5.8,1,73028.0
8,256,3641,12,4,2.58,8,5.4,1,82339.0
16,64,2521,108,37,2.12,8,6.7,1,90404.0
4,128,3201,50,13,2.12,6,4.8,1,55830.0
8,128,2245,13,6,1.28,6,4.8,0,49539.0
4,128,4591,50,27,2.15,4,6.0,1,59463.0
4,256,5567,8,3,2.68,6,6.5,0,57774.0
6,512,4351,8,3,2.13,8,6.4,1,73754.0
8,128,3767,16,5,3.12,8,4.9,1,72825.0
16,64,5688,16,8,1.93,4,6.8,0,74198.0
8,256,4531,16,4,1.49,8,6.2,1,78240.0
4,16,4429,108,46,2.99,4,6.8,0,63146.0
4,64,3764,48,25,2.68,8,5.4,1,61187.0
6,256,2857,13,4,1.73,2,6.2,1,54456.0
3,64,2557,48,20,2.38,6,6.6,0,48820.0
3,64,3595,12,3,2.08,6,5.5,0,41529.0
4,32,3443,12,6,3.27,6,6.8,0,48674.0
4,256,1823,50,17,2.54,8,5.3,0,58563.0
4,128,3039,13,7,1.55,6,5.4,1,48317.0
3,128,5950,50,26,2.3,6,6.7,0,57900.0
2,64,4897,13,6,3.1,8,6.8,1,51491.0
2,128,3104,12,5,2.68,8,5.3,0,45414.0
16,128,4342,16,8,3.05,8,5.0,1,98057.0
4,64,5512,16,5,1.75,4,6.4,0,45113.0
4,64,5755,13,4,3.15,8,6.7,0,54989.0
6,64,3105,108,28,2.86,8,6.0,1,70802.0
3,512,4974,48,21,2.8,6,6.1,0,71544.0
12,128,5428,32,16,1.96,6,6.4,1,76828.0
8,256,2581,48,26,3.15,6,5.0,1,76573.0
2,64,2366,64,29,2.6,4,6.8,1,49644.0
4,128,5932,32,15,3.07,4,5.5,1,60658.0
8,128,2438,16,8,1.99,4,6.1,1,58358.0
12,128,5500,50,27,1.52,8,5.7,1,93150.0
4,512,5967,32,13,1.93,8,5.7,1,73593.0
6,64,4199,16,5,2.2,8,6.2,1,57848.0
3,32,4470,32,12,2.37,8,6.9,0,47999.0
16,128,2972,16,7,2.32,4,6.1,0,71572.0
3,128,3520,64,28,2.4,8,6.4,0,56978.0
12,128,1904,64,35,3.05,8,4.8,1,91867.0
6,64,3482,8,4,1.57,6,6.5,1,54446.0
6,128,3649,13,5,1.9,8,5.4,1,56838.0
6,64,2662,16,5,3.15,8,5.0,1,58931.0
3,64,5245,12,4,2.43,8,4.9,0,47073.0
3,128,4365,32,10,2.48,8,6.2,1,56343.0
3,128,2098,64,23,2.25,4,6.9,1,53455.0
3,64,4708,12,6,2.41,4,6.2,0,40402.0
8,64,5937,108,41,1.64,6,5.3,1,72613.0
4,64,2570,50,21,2.4,8,5.1,0,52220.0
2,32,4339,48,15,3.39,8,5.9,0,53744.0
12,128,3262,64,25,2.45,8,4.8,1,89684.0
8,256,5654,12,6,1.3,6,5.6,0,63948.0
12,64,4918,32,15,2.95,2,6.2,1,73622.0
16,128,3932,16,4,2.07,8,6.8,0,78228.0
3,256,3509,64,33,1.54,8,5.6,1,63403.0
4,256,2790,8,3,3.1,4,5.1,0,52519.0
8,32,2510,13,6,1.64,6,6.5,0,51512.0
6,512,1838,64,19,3.23,8,6.3,1,82215.0
3,64,3075,32,14,2.17,8,6.6,0,46782.0
8,64,3236,16,4,2.83,6,5.2,0,54626.0
3,32,4793,48,21,2.4,6,5.6,0,50512.0
3,64,3269,32,14,1.76,8,6.9,0,47707.0
6,32,3899,13,4,2.68,8,5.0,1,58273.0
6,64,2173,32,17,3.31,6,6.2,1,57103.0
6,64,5825,16,4,2.89,4,5.2,0,53917.0
2,256,2913,8,4,2.53,8,5.8,0,50096.0
8,256,4526,8,3,3.38,4,6.5,0,64469.0
4,64,4198,50,23,1.78,4,5.8,0,51495.0
3,256,5034,16,7,1.34,8,6.5,1,56781.0
8,256,3065,8,2,1.27,4,5.6,1,58618.0
12,128,4923,48,17,2.76,8,6.9,1,95197.0
8,32,2453,8,3,3.03,4,5.7,0,51640.0
8,128,5958,64,32,2.6,8,5.0,1,90666.0
6,256,2308,108,48,3.19,4,5.6,0,69718.0
6,128,4139,13,3,2.74,2,6.3,1,56295.0
2,64,4962,50,18,2.02,4,6.6,0,46830.0
4,128,3487,32,14,1.6,8,5.7,1,55209.0
4,128,3188,13,5,3.23,8,6.0,1,54785.0
4,128,3997,32,17,1.43,4,6.6,1,52267.0
6,32,5711,50,13,2.39,8,6.5,0,63114.0
4,64,4728,50,19,1.89,8,6.1,1,59695.0
2,256,2315,108,48,1.8,8,6.5,1,65410.0
3,256,5458,64,20,2.62,6,6.0,0,60151.0
6,32,3633,16,7,1.71,8,4.7,1,54498.0
2,512,1829,32,9,3.22,4,4.8,0,56074.0
8,64,5014,32,12,2.09,6,6.9,0,62188.0
4,128,2125,12,5,2.69,8,5.0,1,54259.0
4,128,5566,50,17,2.8,8,5.6,1,65033.0
6,256,5911,50,14,2.7,4,6.8,1,71848.0
8,256,1910,108,48,3.19,4,5.1,1,78832.0
4,64,1906,108,48,1.71,8,6.6,1,61162.0
6,256,4226,16,8,1.39,8,6.5,1,66046.0
6,32,4331,32,17,1.32,6,6.9,1,56570.0
4,128,4944,50,15,3.13,8,5.3,0,60132.0
8,128,2598,50,15,3.34,2,5.4,1,64877.0
8,128,4237,64,17,1.87,6,6.7,0,64912.0
6,64,3811,64,33,2.73,8,5.2,1,65032.0
8,256,2225,12,6,1.22,6,5.9,1,59280.0
8,32,4844,108,48,1.61,4,6.3,1,68002.0
6,32,5088,16,8,2.72,8,5.3,1,60094.0
8,128,4714,8,3,1.34,8,6.8,1,76237.0
6,64,3039,8,2,2.23,4,6.2,1,50384.0
6,256,5191,32,10,2.66,8,4.8,0,63577.0
6,64,5797,50,14,2.89,8,5.0,0,61749.0
8,32,4806,32,11,2.2,4,5.1,0,54296.0
3,256,4839,13,5,2.59,8,5.2,1,61205.0
8,128,2398,50,24,2.39,6,6.3,1,68256.0
8,32,3887,8,2,1.32,6,4.9,1,49609.0
2,128,2984,8,4,2.83,8,5.5,1,49751.0
8,128,4550,12,5,1.58,8,6.7,1,73467.0
3,128,4384,8,4,1.27,4,5.9,0,40102.0
4,64,5313,108,48,2.19,6,5.3,0,63491.0
6,256,5854,16,9,3.1,6,6.8,1,69889.0
3,256,5736,50,18,1.53,6,5.2,0,57330.0
8,128,3499,32,9,1.23,6,6.7,1,64132.0
8,32,4375,50,20,1.44,4,6.3,0,54940.0
6,256,1935,50,14,2.0,8,6.3,1,65429.0
2,128,3825,8,3,2.48,6,6.4,0,43647.0
4,128,5335,8,3,1.62,4,5.8,0,48864.0
6,64,4690,13,5,2.96,8,6.5,0,56442.0
16,256,4557,12,6,2.86,8,6.5,1,102503.0
6,128,5573,50,17,2.73,6,5.5,1,67161.0
4,32,2180,13,7,2.27,4,5.6,0,39210.0
6,64,3328,50,16,2.0,8,6.7,1,62773.0
6,256,5428,108,34,2.03,4,5.9,1,75225.0
8,16,2648,8,3,2.31,4,6.6,0,50056.0
3,512,5927,13,7,1.37,8,6.1,0,63521.0
8,128,3727,48,23,2.7,2,6.0,1,63033.0
6,128,3965,108,48,1.97,4,4.8,0,64701.0
12,64,3921,32,11,1.69,2,5.3,1,65421.0
4,64,4718,13,3,1.81,4,5.8,0,42349.0
6,256,2272,64,19,1.6,4,6.0,0,58955.0
12,64,3587,32,11,3.18,8,6.1,1,75377.0
3,128,1913,48,26,1.57,4,6.3,1,49308.0
12,64,3136,12,6,3.14,4,6.1,1,66065.0
6,32,2138,16,5,2.46,4,6.6,0,44810.0
2,16,4085,8,4,3.11,8,5.4,0,42510.0
4,128,2996,16,7,2.24,8,6.1,1,52535.0
6,512,1878,8,2,3.24,6,4.8,0,65021.0
2,64,4452,16,6,1.67,8,5.8,0,43281.0
6,64,4440,12,5,2.42,6,5.3,1,56830.0
4,64,3056,48,22,1.48,6,5.5,0,46695.0
6,128,2627,48,16,2.18,4,5.5,1,57874.0
2,64,4518,64,34,2.45,6,4.8,0,48708.0
8,256,4610,108,42,2.53,6,5.7,1,82111.0
12,128,5185,64,21,2.0,8,6.9,0,78726.0
12,128,3765,8,3,1.37,4,5.4,0,58521.0
6,32,4227,13,6,2.64,8,6.3,1,58670.0
3,512,4641,48,21,2.27,4,5.9,1,68955.0
8,64,2413,8,4,1.5,4,5.4,0,45924.0
2,32,2362,64,22,3.26,6,4.9,0,44524.0
2,128,1984,48,17,3.3,8,5.2,0,47867.0
4,128,3992,8,3,3.08,6,6.4,1,54727.0
4,64,5865,12,4,3.06,8,5.3,0,51734.0
8,64,2045,48,22,1.42,4,5.0,1,52119.0
6,128,5886,64,22,3.39,4,5.4,1,70365.0
4,32,4034,32,11,2.08,4,6.0,1,50881.0
4,256,2665,8,3,1.56,6,6.2,0,49188.0
16,128,3887,12,5,2.99,4,5.6,1,80129.0
4,64,2400,16,8,1.7,4,5.8,0,39071.0
4,64,4833,16,8,2.36,8,5.7,0,50681.0
3,64,3856,50,25,1.48,2,4.7,1,44816.0
8,128,3931,12,5,2.24,8,5.6,1,75826.0
6,128,2332,50,17,2.43,6,6.0,1,62383.0
3,64,3842,50,24,2.18,8,6.0,0,51482.0
2,128,2157,50,13,1.35,8,6.3,1,49713.0
6,512,2177,13,6,2.27,6,6.2,0,64203.0
6,64,4019,48,23,2.23,4,5.3,0,54035.0
4,256,5107,48,22,1.78,8,5.3,1,65528.0
12,64,4396,16,4,3.23,8,5.7,1,74846.0
3,32,2583,8,4,2.12,4,6.3,0,36328.0
4,64,4179,108,48,3.1,4,4.9,0,60679.0
12,64,5403,12,6,1.44,8,6.8,1,70570.0
4,64,2782,108,29,1.9,6,5.9,0,57544.0
6,16,5742,64,24,1.59,8,5.4,1,62977.0
4,256,4390,8,2,2.1,6,6.2,1,56586.0
4,256,2842,50,18,1.45,4,4.8,0,49797.0
16,128,4338,13,5,2.17,8,5.8,1,96617.0
4,32,2661,108,48,1.98,8,5.8,1,62725.0
8,32,3676,32,11,1.69,4,5.1,1,57417.0
3,32,3635,13,6,2.61,6,6.5,0,43213.0
3,128,5326,64,19,3.29,8,6.5,1,64909.0
2,256,3485,13,5,1.66,8,5.0,1,50645.0
6,64,5201,50,27,2.77,4,5.5,1,61866.0
4,32,3422,50,24,2.83,8,4.9,1,58532.0
8,128,4457,50,21,2.3,8,6.6,0,66658.0
4,64,3732,8,3,3.17,8,5.4,1,52721.0
12,64,2307,32,12,3.33,8,5.7,1,72540.0
3,128,5278,8,2,2.0,4,5.4,0,41334.0
8,128,4456,50,18,2.63,8,5.4,0,70605.0
8,32,2921,64,19,2.66,8,6.3,1,66900.0
8,16,2089,50,24,2.09,2,6.3,0,51623.0
8,512,4629,8,2,1.9,6,5.8,1,74280.0
8,64,4009,13,4,3.25,6,6.1,0,60377.0
6,32,3200,13,6,2.94,8,5.8,1,56057.0
3,32,2366,50,26,1.45,4,4.8,0,41972.0
2,16,3273,16,9,1.46,8,4.8,1,44878.0
12,64,3787,13,7,3.23,8,5.5,0,67758.0
6,256,5587,48,15,1.38,8,6.3,1,71976.0
8,64,5665,48,16,2.71,8,6.7,1,75350.0
4,64,5060,32,16,1.7,8,4.8,0,48089.0
3,128,5347,48,25,1.28,2,5.5,0,43971.0
3,128,5051,13,6,1.33,8,5.2,0,43595.0
6,256,3516,32,11,2.02,6,6.5,0,58180.0
4,256,2812,108,34,1.37,8,6.6,0,63190.0
3,16,3110,16,8,2.51,4,5.2,1,42948.0
4,128,2417,12,4,2.62,8,6.3,1,52211.0
2,64,3782,32,14,2.02,8,6.3,1,51620.0
6,512,4028,13,7,2.83,8,5.1,0,71252.0
4,64,2268,13,6,2.28,4,5.7,1,45794.0
8,512,5916,16,5,2.15,4,6.1,1,79847.0
4,128,2939,16,5,2.1,8,4.8,0,47739.0
4,64,3236,32,9,2.15,2,5.6,0,41485.0
2,128,2336,50,23,3.33,8,5.0,1,55228.0
2,512,2751,16,6,2.7,2,5.9,0,54657.0
4,256,4613,50,16,1.89,8,6.6,1,66587.0
4,32,4806,108,34,2.81,6,5.9,0,61942.0
6,128,5794,13,3,1.93,8,4.8,1,60103.0
4,64,3640,32,17,1.48,8,4.8,1,52268.0
6,16,2650,16,8,2.25,6,6.0,0,45826.0
8,64,3771,108,40,2.85,4,5.4,1,73222.0
8,64,2991,32,17,2.03,4,6.0,1,58007.0
2,256,5720,12,5,3.11,8,5.1,0,57071.0
4,64,3862,8,4,2.05,8,6.4,1,50087.0
3,256,4846,50,23,1.97,8,6.6,1,65308.0
3,16,5358,8,4,3.4,8,6.7,1,56479.0
16,64,2104,64,19,2.26,6,5.4,1,81553.0
3,64,4647,108,45,2.97,6,6.2,1,64916.0
4,64,4235,50,25,2.97,2,5.3,0,48587.0
6,32,4604,108,28,3.24,6,6.4,1,73884.0
6,32,3784,48,14,1.39,8,5.0,1,56873.0
6,128,5736,50,16,1.8,8,6.4,1,66359.0
2,64,2512,13,4,2.89,6,5.7,1,47001.0
4,64,4695,108,33,2.44,8,6.6,1,71303.0
6,64,3481,13,6,2.43,8,6.3,1,56134.0
2,256,3133,48,16,1.57,6,5.5,0,48593.0
4,256,4998,16,5,1.82,2,6.7,1,54505.0
2,64,1974,108,48,2.35,4,5.3,0,50525.0
2,64,5005,8,4,1.81,8,6.8,1,48813.0
4,32,3216,108,35,1.66,8,6.4,0,57871.0
3,512,3787,16,6,1.39,8,6.9,0,60908.0
6,32,3572,32,15,1.54,4,4.8,0,48810.0
6,64,2874,8,4,2.89,4,5.3,1,52623.0
8,64,2391,8,2,2.78,8,6.3,1,60211.0
3,64,4778,48,25,1.3,8,6.7,1,55207.0
3,32,5782,8,4,1.65,8,4.8,1,49605.0
3,128,4210,12,6,2.43,8,4.7,0,46732.0
6,32,2647,13,4,1.91,2,5.3,1,45505.0
6,128,2293,50,15,3.01,8,6.6,1,65593.0
2,32,2345,12,4,2.93,8,6.4,0,40766.0
12,32,4086,32,9,3.16,4,5.4,1,67639.0
2,256,4497,108,30,2.44,8,4.7,0,61967.0
6,32,5637,64,19,1.97,4,5.9,1,60686.0
6,256,3340,64,30,2.53,2,5.2,1,66399.0
8,128,2683,12,3,1.4,4,6.3,1,54224.0
6,32,5756,8,2,1.22,4,5.7,1,51710.0
8,512,4894,108,48,1.24,6,6.2,1,89763.0
4,64,4165,16,4,2.1,6,6.6,0,45236.0
8,256,5147,108,44,1.7,8,5.9,0,77615.0
2,32,4871,50,22,1.55,6,5.4,1,48100.0
8,256,5475,48,26,2.55,4,6.4,0,70504.0
6,16,2752,108,48,3.39,2,5.3,0,59766.0
8,128,5100,16,6,1.59,8,6.7,1,81260.0
4,128,5535,8,4,2.4,6,4.9,1,54500.0
6,256,4979,32,12,1.46,4,6.5,1,64435.0
6,256,4763,48,22,3.26,8,4.9,0,72100.0
6,256,5827,48,16,1.84,8,4.8,0,64931.0
2,256,5047,8,4,3.13,8,5.5,1,59299.0
2,32,5157,50,21,1.82,6,6.8,0,45715.0
3,64,4504,64,28,2.97,4,6.9,1,58467.0
3,64,2837,32,15,1.66,8,5.1,0,43569.0
8,64,1870,12,4,1.84,4,5.0,1,51438.0
3,64,4674,12,4,1.62,6,5.5,0,43332.0
12,128,1905,32,15,1.78,4,5.4,1,64647.0
4,32,2569,50,15,3.04,8,6.4,1,57227.0
3,128,3809,50,18,2.61,4,5.7,1,54252.0
8,32,4740,16,7,2.09,8,6.4,0,58303.0
6,64,3992,13,7,3.34,8,6.3,1,63874.0
4,128,5295,108,29,2.22,6,6.0,0,62927.0
6,128,2733,50,20,3.33,8,6.5,1,68470.0
6,128,2374,12,3,1.63,8,5.1,0,51344.0
3,128,5730,8,3,3.19,8,5.1,1,56771.0
16,32,5887,12,4,1.23,6,6.4,1,77655.0
12,128,4331,13,6,2.4,8,5.2,1,84887.0
6,32,4219,32,15,2.13,6,4.7,1,54113.0
3,64,1869,13,4,2.36,8,6.7,0,43914.0
6,64,3102,108,48,2.42,6,6.1,0,66015.0
2,16,5614,16,6,2.06,6,5.7,1,45928.0
2,64,4149,50,17,3.4,8,6.3,1,57957.0
4,512,2054,16,7,3.35,8,5.4,1,67740.0
4,512,3507,13,5,3.32,8,6.8,1,75190.0
8,64,2633,8,3,3.35,4,4.9,0,53440.0
6,16,4564,108,48,2.94,6,6.1,0,65754.0
6,32,4271,8,4,3.37,8,6.4,0,54596.0
4,64,5542,8,4,3.16,8,5.7,1,57537.0
4,256,3835,8,3,2.12,8,6.4,1,61150.0
4,32,3767,32,10,2.93,2,6.7,0,45361.0
16,128,1899,50,25,3.21,6,6.3,1,86819.0
2,32,3652,50,17,2.77,8,5.4,0,48553.0
8,512,4983,8,4,2.13,8,5.9,1,95085.0
6,64,4155,48,24,1.34,2,6.7,0,49167.0
4,128,1911,108,48,2.98,8,5.7,0,63666.0
6,64,4958,48,18,3.3,8,6.2,0,65318.0
4,128,1982,16,9,2.0,4,5.7,1,48395.0
8,32,5652,108,48,1.53,6,5.0,0,66902.0
12,32,1964,13,5,1.92,4,4.8,1,56838.0
4,256,3937,16,7,2.48,8,6.8,0,57643.0
4,256,3823,16,4,1.9,4,6.0,1,55466.0
6,256,2254,16,6,2.54,4,4.9,1,57900.0
12,128,4085,48,25,3.33,8,6.6,1,95992.0
3,256,2341,50,15,2.68,4,5.8,1,59470.0
6,32,4465,108,40,2.0,4,6.4,1,64920.0
6,64,4249,13,5,3.26,6,5.0,1,56362.0
6,64,5733,64,23,2.44,8,6.7,1,71415.0
3,128,4686,64,27,1.48,8,6.0,0,54367.0
6,64,5704,8,4,2.3,6,6.3,1,60777.0
12,32,3488,32,10,2.64,8,4.8,1,71715.0
3,128,3437,32,15,3.04,8,5.4,0,52015.0
3,256,5882,64,31,3.26,4,5.3,0,63804.0
12,64,3690,64,27,1.9,4,6.8,1,75046.0
3,32,5005,12,3,1.54,6,5.1,0,43741.0
8,32,2277,13,5,1.36,6,6.3,1,54119.0
4,64,4166,12,6,2.82,8,4.8,1,55587.0
3,64,4326,8,3,2.95,8,5.1,0,46500.0
8,128,2166,12,5,2.1,6,5.4,0,54354.0
4,128,3636,48,26,2.07,4,6.4,0,52084.0
6,128,3515,8,4,3.3,4,6.4,0,52373.0
4,64,1812,48,22,3.22,8,6.8,0,52046.0
6,256,2335,8,4,1.71,6,6.7,0,51813.0
3,64,5039,12,4,2.92,8,4.9,0,48144.0
4,64,4117,64,31,2.57,4,6.5,0,53489.0
12,256,5842,48,18,1.54,8,5.7,1,98479.0
4,32,2175,108,39,1.98,8,6.6,1,63557.0
6,32,3524,8,3,1.59,4,4.9,1,49325.0
4,256,2056,32,8,1.85,6,6.5,1,56744.0
8,64,4064,50,17,2.55,8,5.1,0,61021.0
3,128,2249,108,32,2.03,6,5.4,0,53635.0
12,16,2693,108,31,2.07,8,4.8,1,78357.0
4,128,5012,16,6,2.39,4,5.0,1,54191.0
3,64,2984,16,8,1.39,8,5.7,1,47194.0
2,32,5023,16,5,2.83,4,6.5,1,46383.0
3,128,3108,13,5,2.08,8,6.4,0,45092.0
6,64,2716,64,30,2.26,8,5.2,0,56973.0
4,64,1947,32,10,3.34,8,5.0,0,48088.0
8,32,3914,50,26,1.96,8,5.6,1,65523.0
4,32,5816,48,24,2.63,8,6.6,1,63551.0
3,64,5740,108,35,2.06,6,4.9,1,63984.0
6,32,5871,13,7,3.17,8,5.9,1,62510.0
6,256,4595,48,22,3.06,8,4.9,0,68517.0
3,16,2242,13,4,1.73,6,5.7,1,39449.0
3,64,4744,12,5,2.72,8,5.0,1,51676.0
2,32,5736,13,6,1.34,8,4.9,0,41999.0
6,64,2198,12,5,3.32,8,5.1,1,60121.0
6,256,2951,12,6,1.97,6,5.3,1,60956.0
4,32,5592,50,17,3.03,4,5.3,0,50876.0
8,512,4795,13,7,1.9,2,6.1,1,74199.0
8,64,4016,64,32,2.59,4,4.8,0,61393.0
6,128,3507,12,6,3.36,8,4.9,1,62126.0
8,128,5131,50,13,3.13,6,5.1,0,70346.0
3,256,3787,13,6,1.55,6,6.6,1,53089.0
3,128,4368,108,48,2.4,8,6.1,0,65289.0
4,128,1960,50,25,1.97,6,6.3,0,51179.0
2,32,5704,108,48,2.16,6,5.5,1,61155.0
6,32,5373,12,6,1.94,4,5.2,1,49602.0
12,256,4977,48,18,1.94,2,4.8,0,69950.0
2,64,3625,32,17,2.39,8,5.8,1,51721.0
3,64,5724,12,3,1.62,8,6.0,0,48034.0
4,128,3423,16,6,2.38,8,6.7,0,52061.0
12,64,2976,16,5,1.81,4,6.6,1,65252.0
4,512,5520,64,33,1.84,8,5.6,1,80002.0
6,128,5020,50,26,2.83,4,5.6,1,63986.0
2,128,5059,32,10,1.27,4,5.1,0,41837.0
3,256,1930,108,39,2.04,2,5.3,0,56009.0
16,16,5362,8,4,2.1,4,6.7,1,77042.0
12,64,3299,16,7,2.27,6,5.0,1,69768.0
2,64,4588,32,13,2.67,4,6.8,0,44573.0
12,64,5508,64,26,2.01,8,5.8,1,80257.0
6,128,3507,13,6,1.67,6,5.7,0,48966.0
8,256,3569,32,17,3.15,4,5.1,1,65780.0
4,64,3118,13,5,3.36,4,6.2,1,51739.0
6,64,5179,50,15,1.24,8,5.7,0,56520.0
4,512,4573,13,4,2.4,4,5.5,0,61365.0
6,64,4790,50,13,1.95,8,5.3,1,61267.0
3,64,4844,12,5,1.81,8,4.8,0,45490.0
2,64,2175,50,26,1.94,4,5.8,0,40656.0
4,256,4836,108,48,2.61,6,5.4,0,72421.0
6,128,2460,32,18,1.62,2,6.3,1,51972.0
3,128,3203,48,25,3.21,8,6.3,1,61775.0
6,256,2540,13,5,2.23,6,5.4,0,56725.0
12,64,2103,32,13,1.92,4,6.2,1,64948.0
2,64,2885,32,14,2.88,4,5.3,0,40859.0
6,256,4979,13,4,1.24,8,6.3,1,65622.0
4,64,3010,64,28,2.15,6,4.7,0,48243.0
8,128,4834,48,19,1.98,4,5.0,0,59855.0
3,256,2028,13,6,1.94,8,5.2,0,47473.0
6,128,4919,8,3,1.94,8,6.4,0,54488.0
8,128,3654,8,3,1.27,8,4.8,0,54712.0
12,256,2067,12,5,1.53,4,5.1,1,66341.0
6,256,4574,32,12,1.51,8,5.5,1,66006.0
4,64,4649,50,15,3.37,8,4.7,0,55820.0
6,32,3934,8,4,1.25,4,6.4,1,48544.0
8,64,5259,8,3,1.57,8,5.9,1,64396.0
6,128,4069,16,8,3.34,6,6.7,1,62969.0
2,64,2789,48,15,2.58,8,4.8,1,51060.0
12,128,2737,108,46,2.19,4,5.3,0,74236.0
6,64,2239,8,3,1.37,8,6.3,1,52217.0
6,128,4158,32,10,2.67,6,6.2,1,62303.0
3,32,3807,108,41,1.5,8,5.2,1,60579.0
6,128,5145,64,29,2.68,6,6.0,1,70793.0
4,128,5930,50,17,3.35,8,6.4,1,68371.0
6,64,5543,12,3,2.37,8,4.8,1,60864.0
3,64,2318,108,47,1.67,4,6.3,0,52884.0
6,128,2068,64,20,2.58,8,5.3,1,64663.0
16,64,5985,108,48,2.33,8,6.8,1,100585.0
2,64,3188,108,48,2.37,4,5.9,0,52762.0
12,512,3494,108,31,2.25,6,4.8,1,98106.0
4,128,5073,13,5,2.68,8,5.6,1,59309.0
8,512,3189,50,19,2.46,4,6.8,1,78317.0
8,64,5665,8,4,3.37,2,6.3,0,56225.0
6,64,4829,108,38,3.02,4,5.4,0,67084.0
6,256,4135,108,41,1.78,4,6.0,0,68787.0
8,128,5474,13,3,2.8,6,6.0,1,66572.0
4,128,2300,32,9,1.67,4,4.8,1,49594.0
4,64,3461,64,27,2.92,8,5.1,0,57645.0
6,64,3899,48,15,1.52,8,5.9,1,61390.0
8,32,1902,108,32,2.24,4,5.6,0,60422.0
8,64,4546,13,5,2.94,8,5.1,1,65278.0
8,16,5076,50,15,1.82,8,6.4,0,61693.0
4,16,4885,48,13,3.04,8,5.8,0,53912.0
8,512,5337,32,11,2.62,2,5.4,1,78553.0
3,64,3127,16,5,2.07,4,5.1,0,38519.0
6,128,4274,32,16,2.13,8,6.0,1,63329.0
2,256,3479,16,4,3.24,8,6.2,0,55277.0
4,128,5546,13,6,1.68,8,6.2,0,51826.0
4,32,4362,50,18,2.73,8,5.2,1,58896.0
4,128,5963,48,22,2.76,4,6.0,1,62046.0
6,128,5117,16,4,3.23,8,6.7,1,67251.0
4,128,4236,108,48,2.77,4,5.5,0,63051.0
4,128,2107,8,4,2.49,4,5.2,0,42930.0
3,512,5796,8,2,3.19,8,6.4,0,67348.0
4,128,2889,108,34,3.02,4,5.1,1,64314.0
3,64,4194,50,22,2.78,6,5.3,0,50781.0
2,128,5804,12,6,1.27,8,4.9,0,43142.0
6,32,2466,32,12,2.02,4,5.3,1,48351.0
6,256,5963,16,6,2.59,8,5.6,1,68946.0
6,32,4034,8,3,2.35,8,4.8,1,53986.0
4,64,3036,108,39,1.9,8,6.6,0,59634.0
4,256,3423,48,16,1.52,4,5.8,1,57258.0
8,128,3174,48,17,2.42,6,6.0,0,62506.0
6,64,5111,16,4,1.83,6,5.5,0,49251.0
4,64,1976,12,3,1.71,6,6.2,1,43897.0
2,256,3153,64,29,2.08,4,5.6,0,50666.0
4,64,4728,64,29,2.93,8,6.4,1,65064.0
4,256,2425,13,5,2.27,4,6.5,1,53542.0
4,32,4454,50,26,1.68,8,6.2,1,58567.0
6,128,5408,50,16,1.46,2,5.8,0,52129.0
6,256,5515,32,12,2.3,8,6.4,1,72316.0
6,32,2194,32,15,2.95,8,5.8,0,51552.0
8,64,2968,64,30,2.64,4,4.9,1,64131.0
8,32,1997,16,8,1.71,4,5.0,1,51307.0
6,128,2768,8,2,2.16,8,6.8,0,53656.0
12,128,5708,8,2,3.08,8,5.2,1,94257.0
2,128,4955,108,48,1.59,8,6.5,1,69131.0
3,32,4304,16,6,2.37,6,5.2,0,43644.0
2,64,3076,8,2,1.98,4,5.6,0,33389.0
6,16,5967,12,5,1.47,8,6.1,1,62213.0
8,64,3069,50,18,1.31,8,5.0,1,63383.0
3,128,3164,12,4,2.42,6,6.3,0,46743.0
12,256,2723,8,3,1.25,8,6.2,1,80170.0
2,128,2270,108,27,1.43,6,5.9,0,50500.0
12,64,4816,32,10,1.96,6,5.9,1,71125.0
4,512,3854,16,6,1.3,4,4.9,1,62272.0
3,128,3851,16,5,2.08,6,5.7,0,44686.0
4,256,4754,8,4,1.49,8,4.9,1,58420.0
4,128,2948,13,4,1.97,2,5.4,0,39205.0
4,64,4886,8,4,2.94,6,6.7,0,51413.0
4,32,2759,32,12,2.58,8,6.0,1,53948.0
8,128,2429,32,11,2.18,8,6.3,1,78382.0
6,32,2574,108,37,1.4,8,6.0,0,62944.0
4,64,2159,64,22,2.56,8,5.1,1,57622.0
6,128,2317,32,13,1.56,2,6.0,0,47816.0
6,128,3143,32,11,1.37,8,6.4,1,60644.0
4,128,3769,50,22,2.66,8,5.0,1,61231.0
4,32,5027,12,5,3.21,8,6.5,1,57849.0
3,64,4699,50,23,2.21,6,5.9,1,55834.0
3,128,2734,8,3,1.29,4,4.7,0,35522.0
6,512,3786,32,10,3.14,8,5.8,0,74408.0
3,128,2176,48,24,1.35,6,5.6,0,46754.0
6,256,5360,8,4,3.11,8,5.4,1,68174.0
6,128,3574,108,48,2.06,8,6.4,1,73731.0
3,128,3305,108,33,2.0,8,6.7,1,64846.0
6,32,4454,8,4,2.39,8,6.4,1,58226.0
4,128,2810,16,8,3.31,8,6.6,1,61427.0
12,128,5277,64,28,3.18,6,6.7,1,85588.0
4,128,3030,12,5,2.23,8,6.7,0,47498.0
8,64,2977,64,34,2.73,8,5.0,1,69640.0
6,128,5657,108,48,2.48,6,5.7,0,70024.0
2,64,3895,108,48,2.73,6,4.7,1,61455.0
6,128,3472,8,3,3.02,4,5.8,0,50368.0
12,32,3728,108,48,1.28,8,6.7,1,82268.0
6,256,5639,16,4,1.92,4,5.1,1,59972.0
8,32,4978,64,22,3.31,8,6.1,1,73652.0
8,32,4353,108,48,3.29,6,6.1,1,76510.0
3,64,4245,13,6,1.22,6,5.1,0,41578.0
3,128,2351,48,26,1.64,8,5.2,0,47395.0
6,64,4697,13,6,3.39,4,5.7,0,54044.0
4,64,2839,8,3,2.28,8,5.1,0,44832.0
8,128,2684,48,26,2.46,8,6.0,1,80814.0
12,64,4851,32,11,1.57,8,5.8,1,73827.0
4,256,5397,13,6,3.17,4,5.8,1,62260.0
3,256,4355,16,7,1.71,8,5.0,1,58247.0
8,128,2889,12,4,1.62,8,5.8,1,71536.0
4,64,2258,16,4,1.7,8,4.8,0,44366.0
8,128,3807,16,6,3.22,6,6.6,1,64975.0
4,16,3720,13,5,2.75,8,5.5,0,45282.0
6,64,2803,48,15,2.89,8,6.6,0,60764.0
2,64,4883,8,3,2.03,8,6.2,0,44855.0
6,256,3914,108,47,3.2,6,6.4,1,79429.0
4,16,4389,13,6,2.94,4,5.4,0,44037.0
6,128,3943,13,3,2.85,6,5.2,1,59525.0
3,128,4041,13,6,3.34,6,5.6,0,49545.0
6,64,3886,50,13,2.01,4,4.8,0,51872.0
8,32,2738,64,17,2.54,4,6.7,1,61198.0
3,512,5770,12,4,3.2,8,5.6,1,73688.0
2,128,5799,8,4,2.94,4,6.9,0,47678.0
2,128,5208,32,9,2.44,8,6.4,1,55815.0
6,64,2570,64,16,1.37,4,4.9,0,47993.0
6,64,2048,13,4,2.64,6,6.2,0,47813.0
6,64,2172,48,26,2.36,4,5.3,0,48946.0
3,32,4726,13,7,1.61,4,5.2,0,37854.0
4,32,5657,48,13,3.14,8,5.3,1,62280.0
6,256,2501,16,5,1.96,8,6.7,1,60979.0
4,64,3985,50,27,2.05,4,5.8,0,48099.0
16,32,2741,8,2,2.68,6,6.2,1,73325.0
3,128,5714,8,2,2.28,6,5.3,1,54668.0
6,128,2593,32,9,1.4,8,5.9,1,58402.0
4,32,2477,108,48,2.05,8,5.5,1,64370.0
4,128,3361,32,15,1.41,8,5.4,0,49681.0
6,32,5853,16,5,1.62,8,5.2,1,57714.0
6,16,2252,64,17,1.22,8,5.6,0,50597.0
16,32,4266,32,17,1.6,2,6.2,1,76188.0
3,256,5456,8,3,1.93,6,5.2,0,51067.0
3,32,5946,50,21,2.38,8,6.8,1,57444.0
6,16,5554,16,5,3.22,8,5.0,1,58665.0
6,64,2009,32,15,2.39,8,5.8,1,57903.0
4,256,3726,48,15,2.75,8,4.9,1,64043.0
2,64,5766,50,24,1.99,6,4.7,0,48546.0
2,64,3677,12,4,2.85,8,6.7,0,46762.0
8,16,2426,8,2,2.57,8,6.5,1,57198.0
3,64,4526,13,5,2.21,6,6.2,0,44355.0
4,128,3258,8,4,1.63,8,6.6,1,51675.0
3,128,4624,16,6,1.87,8,6.5,0,48068.0
4,64,3050,48,12,2.57,4,6.1,1,50617.0
2,64,3963,32,13,2.14,6,6.6,0,42990.0
6,32,3423,16,7,3.16,6,5.6,0,49451.0
2,64,3653,50,24,1.72,8,5.9,0,46894.0
8,32,2553,48,18,1.36,4,6.4,1,56155.0
3,128,3668,13,4,2.5,8,4.9,1,51512.0
6,512,1981,108,46,3.15,8,6.6,1,87333.0
8,512,3313,32,11,2.0,6,5.0,1,78153.0
6,256,2702,8,4,2.62,8,6.6,1,62973.0
6,128,5144,48,19,1.71,8,5.4,0,63888.0
4,128,5253,32,13,2.43,4,5.4,1,57375.0
4,64,5407,64,22,2.93,4,4.9,1,56795.0
6,128,4356,16,6,3.11,8,6.6,0,61735.0
16,64,3939,8,3,1.43,8,5.1,1,75143.0
6,64,3964,12,4,1.98,4,6.1,1,50745.0
6,128,4412,64,33,2.61,2,6.1,0,58554.0
6,64,3821,64,24,1.28,4,5.3,0,53125.0
4,64,4621,32,11,2.72,8,6.9,0,55477.0
2,256,4081,48,14,2.36,4,4.8,1,55577.0
6,32,3370,12,5,1.83,8,6.0,0,47852.0
12,64,3772,108,28,2.99,8,5.8,1,87727.0
3,256,5786,48,18,1.84,2,5.2,0,51310.0
6,128,4044,108,45,3.38,8,5.1,1,79122.0
3,128,4242,13,5,3.0,4,6.3,1,52438.0
6,64,2513,48,23,2.76,8,6.7,0,57456.0
2,64,5345,32,14,1.33,4,4.9,0,43303.0
4,256,2022,108,48,3.19,8,5.1,1,75087.0
8,128,2663,8,3,2.94,8,6.9,1,76529.0
4,128,3225,108,44,1.7,4,4.7,1,60870.0
6,32,4104,32,10,2.06,2,5.8,1,49981.0
8,16,2453,8,3,1.79,6,5.8,1,52865.0
12,512,2959,64,17,3.37,4,5.3,1,94289.0
3,64,3642,50,23,3.08,8,6.2,1,57143.0
4,128,2243,48,16,3.25,8,6.8,1,62358.0
3,32,4265,12,5,2.94,6,5.7,0,46869.0
16,128,4657,32,10,2.2,8,6.3,1,100846.0
12,256,3080,13,6,1.65,8,6.1,1,83904.0
6,128,4839,12,5,1.66,8,5.7,1,58512.0
8,32,5595,8,3,1.53,6,4.8,1,57440.0
6,128,5437,108,48,2.4,4,6.3,0,69673.0
6,128,5558,12,6,3.22,4,5.5,0,58184.0
2,64,1899,8,3,3.38,8,5.2,0,41806.0
8,256,3886,50,20,1.83,6,6.8,0,68653.0
3,128,4110,108,42,2.73,6,6.4,1,63880.0
8,256,4537,48,23,2.51,4,6.8,1,73013.0
8,128,3407,64,32,2.28,8,5.3,1,82285.0
6,32,4753,50,17,2.66,4,6.5,0,56925.0
2,64,5781,108,48,2.02,4,6.0,0,55093.0
4,64,4994,50,15,3.28,6,6.9,1,63705.0
4,256,4892,48,23,2.75,4,6.8,1,63670.0
4,128,4762,8,3,2.86,8,6.8,1,60803.0
2,128,4462,108,37,1.73,6,6.8,1,62105.0
12,64,2655,32,16,1.57,6,4.7,0,60805.0
6,32,3946,12,5,2.07,8,6.3,1,55582.0
4,128,3186,64,35,2.89,4,5.3,1,59990.0
4,64,3516,16,5,3.27,4,6.3,0,49872.0
4,64,5951,13,5,2.14,8,6.9,1,59013.0
6,128,3525,8,4,2.9,6,4.8,1,55659.0
6,16,3753,32,8,2.23,6,5.9,1,53970.0
12,64,1984,13,4,1.85,2,6.3,1,57094.0
4,64,2321,16,4,2.83,6,5.3,1,49645.0
16,32,4111,108,48,2.96,8,5.2,1,95848.0
8,512,3048,50,24,1.65,8,4.8,0,76333.0
3,64,3458,32,12,1.87,8,4.9,0,44691.0
12,32,2802,64,19,2.29,4,6.1,1,70306.0
3,64,5027,48,13,1.61,4,5.8,0,43653.0
8,128,4938,12,5,3.24,8,4.8,1,83674.0
4,64,3728,50,27,2.5,8,6.8,0,54906.0
8,128,2193,8,4,1.47,4,6.1,1,52434.0
8,16,3417,13,5,1.6,6,5.8,1,56058.0
8,16,5441,8,3,3.3,4,5.3,1,58583.0
8,64,2460,8,4,2.82,4,6.1,1,57026.0
4,256,5964,32,13,2.82,6,5.5,0,60199.0
2,256,2119,48,26,1.36,4,6.2,1,50680.0
4,32,4024,13,3,3.17,8,6.2,1,52405.0
3,128,2383,13,6,2.18,8,4.9,1,49773.0
6,256,5400,13,6,2.65,4,6.7,1,68068.0
4,64,2381,8,4,3.31,2,5.8,0,39393.0
12,256,5496,32,13,1.42,8,5.6,0,78071.0
6,32,3567,8,2,2.26,4,6.8,1,51073.0
8,256,3356,13,4,1.31,8,5.7,1,73181.0
3,128,3598,48,25,2.3,6,6.3,1,54873.0
8,256,2798,48,15,1.75,8,6.1,1,79101.0
12,128,2557,13,7,3.2,6,5.1,1,71577.0
4,64,2082,108,48,2.08,4,6.9,0,55038.0
6,256,1930,64,25,2.59,4,5.7,0,60508.0
8,64,3093,13,7,3.09,4,5.6,1,56616.0
3,64,1860,32,16,3.36,6,6.7,1,53107.0
6,128,4011,32,12,2.31,8,5.9,1,63637.0
4,128,3348,32,9,2.2,4,6.3,0,49191.0
3,256,3581,13,7,1.37,2,6.6,0,43909.0
4,64,1837,32,15,1.23,8,5.2,1,51060.0
2,128,5431,32,16,2.54,8,5.1,1,59633.0
2,128,4464,16,8,1.34,8,4.9,1,48208.0
3,32,2273,16,5,2.04,8,6.7,1,46751.0
12,64,1858,12,6,1.21,6,5.1,0,54796.0
6,64,4436,108,27,2.55,8,5.4,0,65130.0
12,64,4414,50,16,2.14,8,5.3,1,76110.0
4,512,4414,8,2,1.48,8,5.4,0,61122.0
4,128,3211,32,9,1.85,6,6.2,0,47295.0
6,128,1884,12,5,2.45,4,6.8,0,48741.0
4,512,3333,48,13,2.64,4,5.4,1,67552.0
3,64,5597,50,15,2.22,8,5.6,1,56759.0
6,256,4474,12,4,2.97,8,6.4,1,65802.0
3,64,4673,48,21,1.45,8,5.7,1,52608.0
6,256,4920,13,5,1.39,4,6.7,1,59091.0
6,32,2890,108,42,1.3,8,5.8,1,66404.0
3,256,4634,16,8,2.38,8,5.5,1,62534.0
2,64,3876,13,5,2.75,4,6.8,0,39019.0
8,64,4990,13,5,1.49,8,5.6,1,62382.0
4,128,3008,12,6,2.61,6,5.2,1,50434.0
2,64,5377,108,27,2.25,8,5.1,1,63263.0
16,128,4381,64,22,3.37,8,6.9,1,109703.0
2,64,5587,32,14,2.78,8,6.4,1,58648.0
6,128,2315,108,48,2.65,8,5.6,1,76131.0
16,64,4012,12,6,2.45,8,6.5,1,83389.0
3,32,4774,48,13,3.39,6,5.9,1,56594.0
3,64,2732,50,23,3.36,6,5.4,0,48246.0
3,64,3463,48,22,2.38,8,6.3,0,51671.0
4,32,2356,13,4,2.2,4,6.3,1,45229.0
3,64,3471,108,31,2.22,6,5.8,0,54085.0
6,64,2792,64,30,2.14,8,4.8,1,63059.0
2,32,3428,64,21,2.37,8,4.9,0,47412.0
6,128,3491,64,16,1.8,6,6.4,1,61080.0
16,256,2904,108,34,3.24,4,6.5,1,99013.0
8,32,3070,8,2,2.28,6,6.2,1,55294.0
6,128,4702,64,21,3.05,4,6.5,0,60989.0
4,128,3209,12,4,2.25,4,6.3,0,45208.0
6,64,5446,16,5,2.78,8,6.7,1,63866.0
6,128,3130,8,4,1.94,4,5.0,1,50669.0
4,64,3854,48,15,2.57,6,5.6,0,51734.0
3,128,2753,8,3,2.3,6,5.7,0,44550.0
8,16,3642,32,17,2.01,8,5.4,0,58025.0
4,128,4602,108,48,3.14,6,6.3,0,66552.0
3,128,1809,8,3,1.45,4,6.7,0,37105.0
4,16,4409,108,38,2.27,4,5.6,1,60024.0
4,64,1921,16,7,1.63,8,6.8,1,46577.0
8,512,4360,13,7,3.09,8,5.8,0,78943.0
6,64,4837,64,16,1.76,6,5.8,0,58558.0
8,128,2240,48,18,2.59,6,6.0,1,64890.0
2,256,4549,50,25,1.56,4,5.3,0,50741.0
4,128,2390,108,40,2.09,8,5.5,0,62953.0
4,128,3168,32,15,3.18,8,5.9,1,61597.0
2,128,3789,12,5,1.57,4,6.8,0,38761.0
4,256,3161,13,4,2.66,4,6.1,1,55568.0
8,64,5573,13,5,1.65,4,5.4,0,52176.0
3,64,3864,16,7,2.11,4,4.7,0,40180.0
6,64,4215,50,23,2.39,8,6.9,1,65477.0
3,512,4751,48,24,2.47,4,5.8,0,64499.0
2,128,4568,13,6,2.53,4,6.8,0,43853.0
3,32,5216,50,13,2.61,4,5.9,0,45664.0
12,256,3376,16,7,1.8,8,6.0,1,84088.0
8,64,1914,64,26,2.08,8,6.3,1,66538.0
12,32,3168,50,21,1.28,4,5.4,1,66139.0
4,128,1938,50,18,2.89,6,6.2,1,58581.0
3,64,5173,108,48,3.04,4,5.9,0,61047.0
6,256,3115,64,29,1.64,6,6.2,1,66972.0
4,64,1873,8,3,1.64,2,6.5,0,37789.0
8,256,5646,50,25,1.29,8,5.1,1,86190.0
2,128,2283,13,4,3.33,8,6.0,1,50825.0
4,32,5911,16,5,2.98,8,4.8,1,57083.0
3,512,3349,48,19,1.99,4,4.9,0,59404.0
4,128,3159,32,17,2.26,8,6.2,1,57872.0
6,64,3696,64,17,1.84,8,4.9,1,60546.0
4,64,2310,12,4,2.51,4,6.0,0,40676.0
4,256,2222,32,17,2.78,6,5.2,1,58017.0
4,64,4232,32,17,2.18,4,5.4,0,44064.0
4,32,3706,13,7,3.12,4,5.0,0,40672.0
8,32,2758,32,11,2.34,4,5.2,0,49611.0
8,64,2624,16,8,1.52,8,6.5,1,60037.0
12,128,1864,32,13,2.57,6,6.1,1,71911.0
8,64,5148,108,47,2.22,8,6.8,1,79222.0
4,64,2600,50,16,3.26,4,4.8,1,51901.0
6,32,2077,8,4,2.06,8,6.4,1,53828.0
4,64,3517,13,5,2.09,4,6.2,0,41601.0
4,256,4213,108,38,2.63,8,5.3,1,74086.0
8,64,3038,16,7,2.36,6,6.3,1,56813.0
2,512,3286,16,5,2.02,4,6.3,1,56385.0
12,64,5098,48,15,3.38,8,5.7,1,82656.0
4,32,4795,13,5,1.86,6,6.2,1,52327.0
6,256,1892,13,6,1.81,8,5.7,0,55017.0
6,64,5331,108,34,3.1,8,5.4,1,76381.0
8,128,3640,32,16,1.21,6,5.7,0,58832.0
6,512,5327,50,23,1.64,6,6.7,0,75343.0
6,32,3421,32,15,2.5,8,5.5,0,54039.0
2,32,3361,48,19,1.56,4,5.6,1,44831.0
6,128,3216,64,30,3.37,8,6.0,1,71896.0
3,64,4764,64,16,2.22,8,6.4,1,60127.0
6,32,5990,12,4,2.51,4,6.3,0,51107.0
6,16,2930,108,48,1.55,4,4.7,0,56143.0
6,16,3213,48,26,1.84,8,6.2,1,58208.0
2,128,5397,50,13,2.55,6,5.7,1,56880.0
2,32,5544,13,5,2.41,6,5.9,1,48863.0
6,64,3918,16,8,2.93,4,5.9,1,58372.0
2,128,2463,48,24,1.79,8,6.3,0,48416.0
2,64,4434,50,13,2.64,4,6.5,1,51579.0
2,16,4574,48,20,1.84,6,6.1,1,48990.0
12,128,5769,32,8,2.49,8,5.9,1,89300.0
6,16,5290,12,6,2.53,4,5.5,0,48750.0
4,128,3371,50,17,1.47,6,5.0,0,48985.0
4,256,3323,32,15,2.41,8,6.8,0,60122.0
4,64,2787,108,48,1.23,8,5.7,0,55311.0
8,128,5038,16,9,2.3,8,5.9,1,83112.0
6,64,5645,12,6,2.73,6,6.4,1,59706.0
3,64,5493,50,16,1.36,8,4.9,0,48872.0
3,256,1898,50,15,3.27,2,6.6,0,52502.0
2,256,4088,8,4,2.21,4,6.5,0,45785.0
6,64,3314,32,13,3.26,4,6.4,1,59284.0
8,128,2433,13,3,1.44,6,4.7,1,55804.0
4,256,2378,108,40,3.29,8,5.9,1,76056.0
2,512,5759,108,48,1.44,6,4.8,1,79132.0
2,128,2072,50,26,2.22,8,5.9,1,50922.0
12,64,5754,108,34,3.26,8,6.3,1,92342.0
4,64,5727,12,4,1.71,8,5.0,0,47395.0
8,512,2252,64,27,1.28,6,6.2,0,74359.0
6,32,2975,8,4,2.94,8,5.7,0,49213.0
4,128,2213,13,5,2.51,6,6.5,0,46633.0
3,64,3350,64,35,2.33,4,5.9,1,51122.0
3,64,3746,64,31,1.28,8,5.4,0,49895.0
6,64,1991,64,34,2.64,4,5.4,1,58589.0
8,512,1840,50,23,1.58,4,6.7,0,69345.0
6,32,3659,12,6,3.25,8,5.7,1,58389.0
6,128,3132,13,6,2.71,6,5.6,0,52169.0
2,32,5249,108,35,2.76,8,4.8,1,61551.0
12,32,1935,12,4,1.71,6,5.5,1,59810.0
8,64,3741,50,25,3.14,6,6.6,0,64722.0
4,128,3365,8,2,2.38,4,6.4,0,46497.0
12,64,2188,13,5,3.09,6,5.2,1,68992.0
6,64,3358,8,4,1.8,6,5.6,0,43984.0
6,32,3921,48,24,2.86,8,5.1,1,64965.0
6,64,2828,16,5,2.46,8,6.8,0,54479.0
8,512,5334,8,3,1.31,8,6.0,1,86972.0
6,256,1881,32,13,2.09,2,6.4,0,51165.0
3,64,2575,16,6,1.6,8,6.3,1,46006.0
4,128,4838,12,6,1.99,8,6.6,0,52495.0
12,256,4687,50,22,2.04,8,6.8,1,94646.0
3,16,3678,64,35,2.24,2,4.8,0,44523.0
4,256,4071,16,4,2.52,8,6.8,1,60744.0
4,256,3407,108,40,2.46,8,6.6,1,73244.0
4,32,4939,13,7,1.29,4,5.5,1,44213.0
6,32,2405,48,18,2.85,8,6.5,0,55377.0
12,512,5214,50,16,3.29,2,6.3,1,93591.0
3,128,5465,50,27,1.97,8,6.4,1,62016.0
3,16,3944,48,25,1.6,8,5.2,1,52596.0
3,64,5565,108,45,2.39,8,6.1,1,70343.0
8,64,3176,8,3,2.75,6,4.8,1,58740.0
6,128,5262,108,27,2.69,2,6.6,0,63330.0
4,128,2147,108,48,2.55,8,6.8,1,68201.0
8,512,1800,16,8,1.52,6,6.2,1,70928.0
8,64,1862,32,8,3.04,2,5.8,1,56764.0
8,128,3583,13,4,2.14,8,6.3,0,57718.0
12,128,5614,50,25,1.69,6,5.4,1,80238.0
4,64,2025,12,3,1.39,4,6.1,0,36397.0
8,32,2842,64,34,2.12,4,6.3,1,62254.0
4,512,2644,108,48,2.56,4,5.0,0,72768.0
8,256,4480,48,25,2.66,8,5.0,0,71158.0
6,64,5919,108,48,3.32,8,6.3,0,72796.0
8,128,3034,48,19,1.54,8,5.6,1,78931.0
6,64,3784,13,4,3.37,8,6.7,0,56092.0
3,128,3078,13,6,2.64,8,5.4,0,48421.0
6,128,3394,12,4,2.2,8,4.8,1,56807.0
16,128,4351,32,13,3.15,2,6.1,1,82098.0
12,512,3752,16,5,2.73,8,6.2,1,96757.0
2,128,3495,48,15,1.97,6,5.9,0,44299.0
3,64,2754,32,11,3.14,8,6.2,0,49059.0
3,128,5091,48,24,2.67,8,5.9,0,56853.0
6,32,2156,16,6,2.74,6,6.2,0,50321.0
8,64,5395,13,4,3.17,8,4.8,1,66786.0
3,64,2768,8,3,2.19,4,5.5,1,44062.0
6,64,2041,32,8,2.65,8,5.2,1,54975.0
8,128,5246,48,25,2.84,2,4.9,0,62113.0
6,64,3944,32,13,2.2,8,5.2,1,60289.0
6,128,1946,32,9,1.38,4,5.1,0,45758.0
6,128,2342,48,16,2.9,4,6.8,0,55967.0
6,64,2491,16,9,1.31,6,5.3,1,49060.0
4,256,2825,16,7,2.78,6,5.2,0,50964.0
6,64,5850,64,22,3.2,4,6.5,1,65786.0
6,64,5805,64,24,1.96,8,5.6,1,68225.0
8,128,5159,13,4,1.42,6,5.6,1,60346.0
6,64,4751,50,13,1.71,2,5.7,0,49643.0
8,16,2529,32,16,2.44,6,5.6,0,53157.0
3,128,4355,32,11,3.27,8,5.4,1,58228.0
4,128,2950,13,7,2.33,8,5.3,1,51286.0
2,64,3535,12,5,1.45,8,6.6,1,47612.0
3,512,2838,13,4,2.58,8,5.1,0,58134.0
6,128,4712,50,25,2.81,6,5.1,1,67153.0
16,256,4340,13,5,2.07,4,6.0,1,84964.0
2,32,3042,12,6,2.79,4,5.5,0,37623.0
4,128,2572,16,8,1.91,8,5.6,0,46911.0
8,256,3716,32,17,2.94,8,6.5,1,89737.0
3,128,5212,50,14,1.95,6,6.7,1,57422.0
6,128,4299,8,2,1.76,2,6.4,0,48297.0
6,64,5240,64,27,3.13,4,5.2,0,62185.0
6,32,5345,13,4,2.41,6,6.9,1,58858.0
3,64,3013,48,19,1.83,8,5.5,1,50022.0
4,64,4731,16,4,3.26,4,5.1,0,48768.0
8,256,2218,32,13,2.72,8,5.8,1,85536.0
6,64,5581,48,14,1.69,6,6.3,0,57649.0
2,512,2588,12,6,2.55,8,4.9,0,59358.0
8,512,3671,13,6,3.11,8,6.1,1,94775.0
2,64,3825,64,17,2.73,8,6.6,0,51946.0
6,64,4246,64,32,1.74,8,5.3,1,65843.0
3,256,2360,8,3,2.63,8,6.2,1,56768.0
12,512,4451,64,23,2.56,8,5.6,1,107748.0
4,64,5704,12,4,3.01,8,5.6,0,53058.0
4,64,2339,64,32,1.59,8,5.3,0,50597.0
3,128,4936,32,12,2.74,8,6.1,1,59159.0
4,128,5089,8,2,1.26,8,5.5,0,48046.0
8,64,4410,64,35,2.73,8,6.5,1,78208.0
16,128,3744,32,10,3.31,8,6.8,1,103294.0
4,32,4945,8,4,1.58,4,6.8,0,39645.0
4,16,4558,16,5,1.88,4,5.1,0,40150.0
6,64,5060,8,4,2.48,6,4.7,1,56916.0
8,64,5907,108,48,2.81,8,5.7,1,83082.0
6,64,3695,12,6,1.96,8,6.3,1,54961.0
4,64,4300,64,35,2.66,6,6.9,1,61759.0
4,64,4629,16,8,3.18,8,6.4,0,54900.0
6,32,5673,108,40,2.8,8,6.0,1,75401.0
2,64,1847,12,6,2.76,2,4.8,0,31859.0
6,512,4164,13,6,2.04,8,6.5,1,73816.0
4,64,4056,12,3,3.21,8,5.1,1,57226.0
8,64,2553,32,17,1.81,4,4.8,0,50124.0
2,128,4602,8,3,1.65,8,6.6,1,49981.0
6,512,5452,13,4,2.0,8,5.9,1,74154.0
4,64,2202,8,3,2.63,4,5.0,0,39556.0
6,128,3886,64,28,3.1,4,5.6,1,69707.0
2,128,4027,16,7,1.49,8,4.9,0,45500.0
6,128,5210,13,5,2.99,6,6.1,0,58274.0
6,32,4790,64,21,2.99,4,5.3,1,64720.0
6,128,2949,108,47,2.49,4,6.6,1,70610.0
6,32,1862,64,33,2.87,8,5.5,1,65780.0
6,128,4953,48,18,1.6,8,5.8,0,60831.0
8,128,2808,13,6,1.57,8,4.8,1,72390.0
4,64,3831,64,21,3.1,4,5.3,1,54717.0
8,256,3122,32,8,2.3,8,6.2,1,79227.0
4,16,3881,32,14,1.74,6,6.3,0,44700.0
2,256,2551,108,29,2.72,6,5.2,1,65471.0
2,64,5944,8,4,3.16,6,5.8,1,52774.0
4,64,2457,50,23,2.59,6,6.5,0,52666.0
8,32,3460,64,23,1.96,8,5.5,1,67549.0
6,512,2500,13,5,2.26,8,5.0,1,68987.0
8,32,2880,64,34,2.85,6,5.7,1,64348.0
6,32,3956,8,2,1.35,8,6.0,0,47437.0
4,64,3340,64,27,1.68,8,4.7,1,57499.0
3,128,4832,50,26,2.22,8,5.5,1,61204.0
4,128,3783,16,8,2.53,4,6.0,0,47419.0
4,32,2114,50,21,1.95,8,6.8,1,54797.0
2,64,4881,50,18,1.86,4,5.6,0,45587.0
3,64,4114,8,2,1.29,8,5.1,1,46079.0
6,64,3935,13,4,1.27,2,5.9,0,43250.0
6,64,3449,50,23,1.81,8,5.3,1,61346.0
16,128,5019,32,8,2.37,6,5.2,1,84718.0
12,64,5600,108,48,2.42,6,6.0,1,89631.0
6,64,4278,50,21,2.29,8,6.7,1,63129.0
4,64,5867,13,3,2.1,8,6.5,1,58727.0
6,512,3575,8,3,1.76,8,5.1,1,72062.0
8,512,3766,32,14,2.08,8,6.4,0,79978.0
3,256,3567,32,8,1.51,4,5.2,0,44894.0
4,64,5615,50,24,1.45,8,5.3,1,58133.0
8,32,2041,8,4,1.86,6,6.7,1,54606.0
4,64,4749,12,6,3.39,2,6.7,1,52560.0
6,64,4056,48,23,1.92,8,5.1,0,56004.0
6,128,5911,64,32,3.26,8,4.8,1,74593.0
3,128,5168,16,7,2.06,8,5.3,1,56308.0
4,256,2166,13,5,2.17,8,6.0,1,56955.0
4,256,4627,13,6,2.95,8,6.6,1,62772.0
2,64,3052,13,4,1.41,4,5.0,1,41054.0
2,128,4287,12,3,1.6,4,5.6,0,37823.0
8,64,5403,8,4,3.34,8,5.3,1,65523.0
4,32,5321,32,17,2.31,4,4.7,1,50843.0
6,128,3443,32,14,1.3,4,6.4,1,53853.0
4,16,3012,32,13,1.3,6,6.5,1,47761.0
12,64,1819,16,7,3.2,8,5.2,1,74061.0
4,64,2475,13,5,3.12,6,5.0,0,43861.0
4,128,2408,13,5,2.21,8,5.0,0,48160.0
8,128,1861,12,6,1.56,8,5.7,1,69864.0
8,64,3065,32,13,3.03,6,5.2,0,57621.0
3,256,4085,16,4,1.91,8,5.8,1,57030.0
8,64,2954,48,23,2.12,8,5.5,1,65497.0
4,64,3428,12,4,2.7,8,5.2,1,51915.0
4,128,3426,12,6,1.98,8,6.4,1,51431.0
3,128,5516,64,27,2.58,2,5.0,1,58974.0
2,512,3242,48,22,3.15,8,6.5,1,73510.0
6,64,3453,13,3,2.95,6,5.9,1,55720.0
4,128,4302,32,8,2.04,8,6.5,1,58323.0
4,128,5069,13,5,1.83,8,4.7,0,49502.0
6,256,2081,12,5,1.83,8,6.3,1,61074.0
8,32,2824,13,4,1.97,4,4.8,0,45975.0
3,128,5203,8,3,2.29,4,6.8,1,50577.0
6,128,3035,50,27,2.12,6,6.2,1,62279.0
3,64,5982,48,15,1.49,6,5.4,0,46350.0
8,64,2585,32,16,1.56,4,5.4,1,54964.0
6,64,5117,48,24,1.95,8,6.6,0,59376.0
12,128,3467,64,33,2.44,4,6.7,1,78991.0
2,256,4808,13,7,2.5,8,6.7,1,59429.0
2,128,4994,13,5,2.27,4,6.5,1,50567.0
4,128,5575,32,15,2.83,8,6.5,0,56434.0
4,128,4246,32,14,2.82,8,6.0,1,60083.0
3,32,5590,8,3,2.14,8,4.8,1,50437.0
12,64,2333,16,5,1.47,8,4.9,1,66790.0
3,64,2201,108,38,2.37,6,6.1,0,53258.0
4,64,5463,64,20,2.04,8,5.6,0,55990.0
8,32,1929,13,6,1.5,6,5.9,1,54255.0
4,128,4139,32,17,3.36,6,5.2,0,58141.0
8,64,4759,32,16,2.01,8,6.1,1,68583.0
2,64,3658,50,16,2.58,6,5.2,1,53523.0
4,64,4773,64,17,2.28,8,5.7,0,57093.0
2,32,5950,108,48,1.51,4,5.8,0,53773.0
2,256,5449,50,18,1.32,6,5.1,0,55384.0
12,256,4586,12,6,2.58,4,6.6,0,71778.0
3,128,4897,64,31,1.74,4,5.9,0,50470.0
6,32,5312,64,28,1.74,4,6.6,0,56766.0
4,128,3020,12,4,3.31,4,5.3,0,46505.0
4,256,2441,48,13,2.22,4,5.1,0,50761.0
8,128,5114,8,3,1.26,8,4.7,0,57725.0
2,32,2523,50,20,1.95,2,4.9,1,40758.0
6,128,2537,12,7,2.49,8,5.0,0,52742.0
12,256,3099,32,9,1.92,4,4.9,1,73582.0
6,128,5280,50,16,1.26,8,6.7,0,57870.0
12,128,2139,108,47,2.18,6,6.7,1,85153.0
2,64,1952,8,3,1.43,6,6.8,0,38157.0
4,128,3221,108,48,2.56,8,6.8,0,67800.0
4,16,4851,32,9,2.56,6,5.8,0,44137.0
6,128,2226,48,26,1.28,8,5.9,1,59705.0
16,32,5358,64,34,1.84,4,5.0,1,80853.0
4,64,2935,12,6,2.11,8,5.0,1,51277.0
6,64,4172,50,15,2.41,6,6.4,1,63540.0
3,128,5129,16,6,1.85,6,6.6,1,53274.0
6,32,2749,108,48,1.83,8,6.4,1,64283.0
4,128,3173,48,24,3.36,6,6.5,1,61778.0
12,128,2756,50,23,1.29,8,5.3,1,85364.0
6,32,3501,48,18,3.38,6,5.7,1,62204.0
4,32,4741,64,22,1.31,8,5.7,1,57146.0
3,32,4282,48,26,1.83,4,6.9,1,52424.0
3,256,3103,50,15,2.29,8,6.8,1,62373.0
3,128,2170,64,17,1.52,8,6.0,1,56678.0
4,64,4780,8,2,1.5,4,5.0,0,41282.0
8,32,4096,16,8,1.76,4,5.3,1,54167.0
6,128,3925,48,13,3.34,6,5.5,0,60724.0
6,256,4766,8,3,2.04,8,6.6,1,67404.0
3,256,5945,16,6,2.45,4,5.1,1,59280.0
8,128,4542,48,14,2.75,6,5.2,1,65411.0
6,32,5821,50,24,2.83,2,5.5,0,53918.0
2,32,4164,48,13,2.71,6,6.7,1,51480.0
6,16,2562,16,6,1.94,8,5.8,0,49583.0
6,64,5862,50,21,1.45,8,6.1,1,66012.0
2,32,2804,12,4,1.82,8,5.6,0,39618.0
4,64,5555,48,16,1.66,8,5.1,0,54857.0
4,64,4646,32,17,1.5,8,5.2,1,56595.0
3,256,2149,12,6,1.25,2,6.5,0,40882.0
12,128,4764,108,40,3.26,6,6.7,0,88041.0
8,256,2486,50,18,3.23,8,5.8,0,71174.0
6,128,4926,13,4,1.31,8,5.5,0,54740.0
4,32,4555,50,25,1.58,8,6.5,1,56561.0
4,128,5324,48,20,1.51,4,6.2,1,55263.0
6,64,5424,50,14,1.82,4,4.8,1,57181.0
6,128,4532,16,8,1.65,4,5.5,0,49408.0
2,64,3493,64,26,3.28,8,6.2,1,60198.0
6,512,4692,64,24,1.39,8,6.0,1,82991.0
8,64,5611,50,18,1.67,8,6.9,0,64058.0
4,64,5980,50,14,1.38,6,6.6,1,60767.0
2,256,2484,64,34,3.36,8,4.8,0,58896.0
8,16,4719,8,4,3.22,6,6.3,0,57708.0
3,128,5556,48,14,2.78,4,5.4,0,53146.0
4,128,5083,12,5,2.14,8,6.2,0,51600.0
3,256,5826,8,3,1.62,2,6.1,0,46309.0
4,512,2956,50,15,1.69,4,5.8,0,61435.0
8,512,4861,48,18,2.17,8,6.6,1,99920.0
6,32,4129,32,14,2.89,8,6.3,1,61088.0
3,256,3092,32,11,1.78,6,6.7,1,55897.0
8,128,3684,108,38,1.88,8,5.3,1,83364.0
8,128,3360,108,31,2.52,6,5.5,1,74025.0
8,32,2783,48,18,1.72,8,6.1,1,63793.0
3,128,3867,13,6,2.49,8,6.8,1,52307.0
4,512,3663,50,14,2.05,8,5.5,1,74207.0
16,256,3779,16,7,1.28,8,4.8,1,98570.0
8,64,3536,32,12,2.09,4,5.7,1,59221.0
2,16,4252,50,23,3.22,6,5.9,0,47418.0
2,64,3718,50,17,1.84,6,6.5,0,44594.0
4,256,2500,64,27,1.91,6,6.3,1,62900.0
12,128,5846,8,3,1.35,8,6.8,1,87834.0
6,64,3873,32,15,2.55,6,6.4,1,57566.0
4,32,5553,108,48,3.07,4,5.4,0,61960.0
3,64,2194,50,15,1.98,6,6.1,1,49261.0
6,64,3756,12,6,1.73,8,6.2,0,51914.0
8,256,4848,8,4,3.3,4,6.9,1,72032.0
4,128,5252,64,27,2.84,8,5.0,1,66869.0
8,64,2322,108,48,2.45,6,5.1,0,67264.0
12,128,3362,32,12,1.87,4,5.0,1,70130.0
3,32,4709,48,12,1.69,6,6.0,0,46311.0
6,512,4649,12,6,2.77,8,5.0,1,77403.0
4,64,2349,32,17,2.35,8,6.1,1,51795.0
8,64,3268,16,5,2.35,8,6.5,1,61395.0
6,64,2632,64,28,1.36,4,5.7,1,57590.0
6,128,3221,64,32,2.33,4,5.9,1,64014.0
8,128,2085,32,17,3.01,8,6.7,0,64170.0
4,128,4545,64,21,3.28,6,6.0,0,59034.0
12,64,5565,48,14,1.43,8,5.2,1,73496.0
6,64,3245,48,16,2.59,8,5.5,0,55834.0
3,32,3266,16,7,2.45,6,5.9,0,42398.0
6,128,3576,13,7,3.16,8,5.0,1,62342.0
8,16,5455,108,46,2.85,4,6.0,0,72667.0
4,128,2714,32,17,3.32,4,6.9,1,54741.0
8,256,2087,16,8,3.31,4,6.1,0,60215.0
12,256,5990,48,21,1.7,8,5.5,1,98069.0
4,64,3888,16,4,2.8,4,5.4,0,42790.0
16,64,3604,48,17,2.37,8,6.7,1,86550.0
3,32,2978,64,17,1.67,8,6.6,1,50630.0
3,128,4351,64,22,1.63,8,5.7,0,53594.0
3,256,3388,48,13,1.38,8,5.5,0,56205.0
8,64,3756,8,2,2.95,6,6.3,0,57395.0
6,64,3575,8,3,1.91,6,5.4,1,53954.0
3,256,2787,13,5,3.09,6,5.0,0,51349.0
4,256,3003,12,4,2.54,8,5.4,1,59470.0
6,64,5130,8,4,2.68,8,5.7,0,53215.0
2,128,2919,8,3,1.84,8,5.3,1,48966.0
8,32,1996,48,22,2.21,8,5.2,1,64265.0
8,32,5775,50,23,2.11,8,4.7,1,67384.0
6,256,2325,64,30,1.72,6,6.1,1,68186.0
12,256,3210,13,7,3.03,8,6.1,1,94992.0
4,128,3092,8,3,2.57,8,5.1,1,54183.0
16,16,2994,32,11,1.28,6,6.8,1,75307.0
6,256,3748,64,18,3.0,8,5.6,0,68781.0
6,64,5455,16,7,1.43,6,4.8,0,52232.0
3,64,4017,12,4,2.09,8,5.2,1,49458.0
8,128,5380,108,43,2.46,8,6.2,1,91925.0
4,32,2817,108,33,1.22,8,5.1,1,61040.0
3,128,4953,13,6,2.64,4,4.8,1,52206.0
2,128,5390,50,22,2.65,8,6.1,0,54251.0
6,32,5869,8,3,2.64,8,5.8,1,59511.0
6,32,1847,64,25,1.56,4,6.4,0,47716.0
6,32,5463,64,33,1.76,8,6.4,1,66980.0
8,32,2627,13,6,1.74,8,6.8,1,57092.0
2,128,3889,32,10,3.31,8,4.8,1,55198.0
6,256,3856,16,8,1.35,6,4.8,0,53623.0
3,16,2618,50,14,2.14,6,6.9,0,45502.0
8,16,5784,50,19,3.12,8,6.1,1,72016.0
8,128,5480,64,18,2.89,6,6.3,0,71279.0
6,256,3611,32,17,3.01,4,4.9,0,58071.0
6,64,4914,32,8,3.34,8,4.9,1,62352.0
4,64,3429,64,19,2.05,8,5.1,1,56657.0
4,128,3343,32,17,1.88,8,5.6,1,54507.0
8,64,5379,8,3,1.27,6,4.9,0,52614.0
4,16,3704,13,6,1.53,6,5.7,0,40423.0
4,128,3236,12,3,2.44,6,5.9,0,45473.0
4,128,5117,32,12,1.55,6,4.7,0,47751.0
8,128,5320,64,35,2.82,8,5.0,1,91231.0
4,128,4859,108,46,1.28,8,5.5,1,69201.0
3,128,5916,108,48,1.77,6,4.8,0,60619.0
6,64,2798,8,4,2.73,4,5.0,1,50698.0
8,64,3231,8,4,1.76,6,5.2,0,49734.0
3,32,4861,8,3,2.8,4,5.6,0,42286.0
3,32,2064,8,3,3.39,4,6.3,0,42533.0
3,128,5531,108,29,2.95,8,5.0,1,74006.0
4,256,4074,8,3,1.95,8,6.3,1,58475.0
4,512,5675,50,26,3.18,8,6.6,0,77671.0
6,128,5117,48,19,1.31,6,6.1,0,57924.0
6,32,3846,108,48,2.8,8,4.8,1,71800.0
6,32,4944,108,48,1.25,8,5.7,1,70291.0
4,256,5021,16,9,1.58,8,6.2,0,55974.0
8,128,4940,108,48,3.37,6,6.9,0,78691.0
4,128,3053,48,22,1.99,8,6.8,1,59936.0
12,128,2522,32,16,3.01,8,5.6,1,89819.0
6,128,1883,108,48,2.03,8,6.1,1,69720.0
3,256,5170,50,23,3.05,4,6.7,0,60391.0
6,32,5619,108,48,3.32,4,6.5,0,69241.0
4,128,5164,32,15,2.16,4,5.8,1,51819.0
6,256,3557,16,6,2.43,4,5.3,0,55036.0
2,64,4580,13,5,2.58,8,5.0,1,50936.0
3,128,5087,32,11,3.26,2,5.8,1,53705.0
8,64,4252,108,32,1.76,4,6.3,1,69156.0
3,512,2128,13,5,2.54,4,6.8,0,55778.0
8,16,2225,8,4,1.91,4,6.6,0,47088.0
4,128,2569,12,5,1.68,4,5.1,1,43932.0
6,32,5775,32,9,1.39,8,6.3,0,55264.0
6,128,2407,13,6,2.57,8,5.3,1,57877.0
6,32,3652,48,25,3.14,2,6.2,1,56161.0
4,64,4472,64,32,1.97,6,6.2,0,55777.0
3,64,3924,48,22,2.42,6,5.3,0,50737.0
2,256,3100,108,32,2.61,4,5.2,0,58849.0
4,64,2265,48,17,2.11,8,4.9,0,48645.0
6,32,3764,32,13,3.19,8,4.8,1,60214.0
12,128,3745,16,4,2.0,8,6.6,0,68075.0
8,128,4339,12,3,1.48,8,4.8,1,71556.0
8,256,4160,48,25,1.52,2,4.9,1,66248.0
8,32,3839,12,6,3.16,8,5.2,1,63844.0
6,128,2984,32,11,3.37,8,6.7,0,57988.0
4,64,5734,8,3,1.84,8,5.4,0,46682.0
12,32,5017,13,5,1.52,2,5.1,0,55906.0
6,128,4582,32,9,2.26,8,6.3,0,58679.0
6,128,2577,50,24,2.76,8,5.4,1,65199.0
3,128,5179,64,19,2.55,8,5.4,0,57400.0
4,64,4218,50,25,3.29,4,6.3,1,59423.0
4,64,5877,50,25,3.0,8,5.3,1,66704.0
8,64,4239,12,5,3.11,8,6.7,1,65498.0
6,512,3789,48,23,2.39,8,5.9,0,74296.0
4,64,2866,32,10,1.92,8,5.9,0,46059.0
12,64,2744,108,46,2.74,8,5.3,1,83301.0
3,64,1828,16,7,2.17,6,6.5,1,46063.0
4,128,3697,50,22,1.83,8,6.0,1,60417.0
2,64,3497,64,18,1.53,6,5.0,0,44911.0
6,256,4614,48,17,2.36,8,5.2,1,69329.0
12,64,5165,13,5,2.51,4,5.7,1,69114.0
4,256,4288,32,13,2.45,8,6.4,1,64428.0
8,32,3465,8,4,1.46,8,6.8,1,60013.0
4,128,3370,64,27,2.45,8,6.2,0,58743.0
12,256,3533,12,6,1.57,8,5.8,1,90347.0
8,32,2559,50,14,2.66,8,5.3,1,64558.0
8,512,3957,108,48,2.14,8,6.2,1,101554.0
2,64,3151,8,3,3.07,4,6.9,0,41099.0
12,256,5276,16,4,2.91,6,5.7,0,75598.0
6,128,3068,50,22,2.79,2,5.1,0,55410.0
4,64,3585,108,44,2.74,6,4.9,1,63785.0
8,32,5749,12,4,2.43,8,5.3,1,64283.0
4,64,4407,12,6,1.33,8,6.0,1,51666.0
8,32,2198,48,25,2.64,8,6.8,0,60856.0
3,32,4430,13,5,2.23,4,5.4,1,45286.0
6,32,4246,16,6,2.23,4,5.4,1,51821.0
6,64,3469,13,4,2.03,8,5.8,0,49618.0
2,128,2038,8,4,3.24,8,6.7,0,48393.0
3,32,5336,48,17,1.75,4,5.6,0,45166.0
2,32,5661,12,4,1.9,8,5.2,1,46321.0
4,128,4903,12,5,3.32,8,5.1,1,58795.0
4,32,2946,50,13,2.98,6,5.7,1,56663.0
6,32,3357,32,10,1.23,8,6.5,1,58201.0
4,32,5538,64,17,3.19,6,5.3,1,62383.0
4,256,3957,12,3,1.7,8,5.8,0,54274.0
6,256,5251,64,18,2.75,6,6.0,1,76357.0
2,64,2099,50,26,2.42,4,5.7,0,40673.0
12,128,5498,64,34,2.38,8,5.1,1,99864.0
8,128,5853,13,5,2.78,6,6.7,0,66181.0
6,128,2048,64,28,1.66,8,5.9,1,63547.0
6,128,4368,48,22,1.55,6,6.3,0,56849.0
8,128,5929,12,4,2.63,2,6.1,0,58326.0
3,64,4660,48,17,1.84,4,6.9,0,49912.0
2,16,2523,32,14,3.34,6,5.7,1,48268.0
3,64,2369,13,5,2.19,8,5.6,1,45892.0
8,256,2019,8,3,1.45,6,5.5,0,55714.0
2,128,3194,50,20,2.71,8,5.5,0,50047.0
6,256,4634,12,5,1.87,8,5.3,0,58226.0
16,512,3922,8,4,1.53,8,6.9,1,102002.0
8,32,5800,8,4,2.13,6,6.6,1,61672.0
6,128,4889,50,27,3.32,8,5.4,1,69863.0
2,128,1849,8,4,2.11,6,5.4,0,38684.0
8,512,2314,108,32,1.96,6,4.9,1,84660.0
6,512,4591,48,23,2.18,4,6.6,0,73628.0
3,128,4578,16,7,1.23,6,5.5,0,43818.0
2,64,4418,16,7,1.49,2,6.0,1,40126.0
12,128,3637,32,13,3.07,8,6.7,1,93334.0
6,32,2965,12,3,3.35,4,5.6,0,50265.0
8,128,4049,32,17,1.55,6,6.5,1,65195.0
8,256,2214,12,6,2.38,8,5.6,1,76476.0
6,64,4068,16,6,3.33,6,6.2,1,59171.0
6,128,2904,32,10,1.54,4,5.6,1,53467.0
4,64,5156,48,24,1.61,4,5.6,0,45958.0
4,64,4216,48,18,3.24,8,6.9,0,58833.0
4,64,3734,108,40,2.75,4,6.0,1,62622.0
8,128,2003,16,7,1.53,6,5.5,1,55288.0
6,256,1868,32,15,2.07,8,5.3,1,61834.0
8,256,2315,48,13,1.32,8,4.8,1,81862.0
4,32,5363,16,8,2.15,8,6.3,0,51075.0
6,256,3264,48,23,2.91,8,5.5,1,70395.0
6,128,3452,12,5,2.42,2,6.5,1,52446.0
6,64,2506,50,18,2.62,4,5.5,1,56752.0
6,32,3425,13,4,1.92,4,5.5,1,51344.0
3,64,5585,16,4,1.56,4,6.4,0,42329.0
6,256,3145,108,27,1.23,4,5.8,0,60660.0
3,128,2143,32,10,3.01,6,6.6,1,53608.0
4,128,5586,108,40,2.6,8,6.0,0,69340.0
4,64,2335,48,16,1.7,8,5.2,1,52869.0
6,128,2154,64,22,2.12,6,6.0,1,61344.0
12,16,5342,32,12,2.96,8,4.7,1,76241.0
6,64,2782,32,11,2.39,6,5.4,1,54372.0
6,128,3145,13,6,1.86,4,5.2,0,48629.0
6,32,4809,50,20,1.79,8,6.1,0,56620.0
6,256,2326,12,3,1.68,2,5.0,0,46582.0
2,64,2730,13,4,3.01,4,5.3,0,39087.0
4,128,4556,12,6,2.48,6,5.4,0,49911.0
4,64,4082,64,22,2.76,8,4.7,0,58450.0
4,128,3746,16,8,3.09,8,4.8,0,54333.0
2,32,5727,64,30,3.37,4,5.4,0,51708.0
3,16,4341,64,22,1.75,8,5.2,0,52458.0
4,256,3716,64,26,1.6,8,5.0,0,60922.0
12,64,5160,64,29,2.22,8,5.0,1,80728.0
4,256,3393,64,20,1.28,8,6.5,1,62814.0
4,512,4725,108,35,2.94,6,6.2,1,85283.0
3,64,5425,12,5,3.14,4,5.8,1,48881.0
6,64,3023,108,48,2.71,8,6.7,1,73774.0
4,128,3759,64,23,1.79,8,4.8,1,57928.0
3,512,2765,8,3,1.47,8,5.5,1,62318.0
6,256,5478,32,10,2.04,8,6.5,0,64733.0
2,128,2422,12,5,3.03,8,6.1,1,50860.0
2,128,4172,32,15,1.97,8,6.9,1,53493.0
3,32,4748,64,24,1.28,8,6.8,0,50301.0
2,512,5099,108,48,1.8,8,5.1,0,76132.0
3,512,2968,108,37,3.38,8,6.8,1,83553.0
4,32,2191,8,4,2.69,4,6.8,1,44373.0
8,64,5609,50,16,3.18,4,5.5,1,67116.0
6,32,4207,64,31,2.9,6,6.9,1,67151.0
6,64,2380,13,6,2.39,8,4.8,1,52469.0
4,256,2620,48,23,1.53,8,6.2,0,56485.0
12,64,3047,13,4,1.97,8,5.3,1,71084.0
4,32,1923,108,48,2.48,4,5.0,0,52232.0
2,64,3674,13,5,3.12,4,6.0,0,40388.0
6,512,2323,12,7,1.79,8,5.4,1,71041.0
3,128,4923,108,39,1.47,4,6.2,0,55448.0
4,64,4998,64,31,2.43,6,5.9,1,62904.0
6,32,4585,64,23,1.59,4,5.6,0,52481.0
8,512,3918,12,4,2.54,6,5.1,0,73199.0
4,256,3010,48,14,1.78,8,6.0,1,62442.0
6,64,2826,32,10,1.71,6,6.5,0,50584.0
16,32,5917,12,4,2.08,8,6.0,1,81655.0
3,32,2297,32,10,2.51,4,6.0,1,44831.0
4,32,4605,16,4,2.4,8,5.8,1,52855.0
4,128,3493,108,48,1.74,6,5.6,1,66823.0
4,256,2524,8,3,3.16,8,5.7,1,59725.0
4,64,2175,48,24,1.44,8,6.9,1,56405.0
12,256,4252,50,22,1.29,4,6.3,1,77849.0
6,64,5659,48,24,2.53,8,5.6,0,62005.0
6,128,3486,32,13,1.47,8,5.7,1,58843.0
4,128,2056,16,4,2.31,6,5.8,1,48936.0
8,32,5400,32,14,3.29,4,6.2,0,61356.0
12,64,1850,108,48,2.74,8,5.7,1,83572.0
8,128,2394,32,14,2.56,8,6.2,1,75898.0
2,32,5673,64,31,2.46,4,5.4,1,54012.0
6,64,5236,50,23,1.59,6,5.6,0,55424.0
2,128,2872,16,6,2.15,8,6.6,0,45199.0
4,512,3276,32,16,1.95,8,5.4,0,66538.0
2,64,4820,50,23,3.3,8,6.8,1,59451.0
6,256,3464,48,14,1.73,6,5.1,0,58414.0
6,64,4530,13,5,2.24,8,5.2,1,56568.0
3,128,3195,13,6,3.26,6,5.7,0,49466.0
4,128,5697,12,5,2.94,4,6.5,1,54370.0
4,256,5845,13,7,3.32,8,6.3,1,67047.0
4,64,4460,8,2,2.54,8,5.1,1,54167.0
3,128,4033,108,48,1.93,6,5.2,1,63003.0
4,128,5122,12,6,3.02,6,6.0,1,56993.0
8,64,5997,13,6,1.84,8,5.3,1,64924.0
2,32,3901,32,12,1.56,8,5.6,1,44002.0
2,32,3106,16,6,2.75,8,5.8,1,47623.0
4,16,3437,32,14,2.61,8,6.0,0,48910.0
12,256,2940,48,18,3.13,4,5.3,1,78972.0
6,64,2415,32,16,3.32,8,5.1,0,57357.0
6,64,3366,8,2,3.09,8,5.6,0,53316.0
4,128,2776,48,21,1.33,8,4.9,1,52861.0
6,64,3116,108,31,2.66,8,5.9,1,68574.0
2,128,4139,13,5,2.93,8,6.5,0,49168.0
6,32,3896,12,6,3.36,4,5.0,1,52489.0
12,512,2178,48,14,2.02,6,4.9,1,87467.0
6,256,5265,13,6,1.57,8,4.9,1,62441.0
8,256,4071,16,5,3.08,4,6.6,1,68934.0
6,64,2846,48,21,1.9,4,4.9,1,51389.0
3,128,2807,48,19,2.52,8,6.9,0,50746.0
12,32,1909,12,4,2.06,8,5.5,1,64773.0
2,16,4571,13,4,2.09,4,5.4,0,41574.0
6,16,5683,108,48,2.81,8,4.9,1,73774.0
3,128,4400,12,4,2.0,8,6.0,0,49111.0
2,64,5043,13,4,2.72,8,6.0,0,46474.0
4,128,2805,108,48,1.23,8,5.8,0,61089.0
4,16,2105,16,5,1.91,6,5.4,0,39128.0
4,64,2758,8,4,1.9,4,5.5,1,42104.0
6,128,2753,12,5,2.85,4,5.4,0,49398.0
2,64,4468,13,4,1.89,8,5.6,1,45165.0
3,128,5338,108,29,2.59,8,5.5,0,63406.0
6,64,4477,108,46,2.71,8,6.2,1,75533.0
4,256,3430,48,12,2.65,8,5.4,0,59037.0
6,128,3591,48,13,2.53,8,5.5,1,63965.0
6,64,4403,13,6,2.11,8,5.7,1,59086.0
8,64,3771,32,13,2.02,4,4.7,0,52559.0
6,128,1866,16,6,2.44,4,5.8,0,48399.0
4,256,2634,108,44,1.34,8,5.3,0,62868.0
6,64,2005,108,46,3.13,4,4.8,1,67066.0
4,64,4633,8,3,3.02,4,6.7,1,54129.0
4,256,3514,64,28,1.96,8,5.4,1,63088.0
8,128,3332,108,48,2.45,6,5.6,1,74899.0
4,64,4945,32,12,3.25,8,6.5,0,56486.0
8,64,4920,16,5,1.8,4,5.1,1,56340.0
8,64,2507,16,4,2.83,2,6.6,1,56723.0
8,128,1978,12,4,1.38,6,5.2,0,50222.0
12,64,1912,108,30,2.35,8,6.0,1,79855.0
4,512,2556,32,11,3.14,6,6.2,0,68325.0
4,64,2696,13,6,2.41,8,6.7,1,54042.0
6,64,4668,48,13,2.56,8,6.0,1,62899.0
4,128,1958,108,48,3.2,8,5.7,0,63843.0
6,256,2585,108,40,2.77,4,6.0,1,74816.0
6,256,3603,32,17,2.73,6,5.1,1,67241.0
6,64,3639,64,27,2.49,8,6.2,0,63095.0
4,128,4968,16,8,2.59,8,5.1,0,56837.0
3,128,4098,32,16,2.97,8,5.9,0,54744.0
4,64,5878,50,26,3.35,4,6.1,0,58979.0
3,32,3342,50,20,2.95,8,6.7,1,60853.0
8,64,3954,50,18,2.76,6,5.7,1,66765.0
4,64,2374,64,27,1.5,2,6.4,0,43036.0
3,256,4838,32,12,3.0,2,5.1,0,52750.0
2,64,3181,8,3,2.82,6,5.0,1,47075.0
6,512,3022,108,37,2.89,6,5.9,1,89056.0
6,128,4274,108,35,1.71,2,6.0,1,65760.0
4,128,3301,50,17,3.19,8,6.1,1,62671.0
2,128,2658,48,13,1.41,4,6.3,1,44296.0
4,32,5374,32,12,1.76,8,5.3,0,50179.0
4,64,5529,32,10,2.66,6,6.1,1,56140.0
6,32,4765,13,5,2.68,4,5.1,0,47682.0
6,128,4991,8,4,1.89,6,5.2,0,52494.0
4,64,3396,48,18,2.74,4,4.8,1,51222.0
3,128,3361,64,34,2.05,8,6.3,1,60684.0
16,64,4322,12,4,1.2,4,5.8,1,74066.0
4,32,4399,64,32,1.56,8,5.2,1,56284.0
6,64,4191,64,21,3.14,4,5.9,0,58082.0
3,256,4475,64,34,1.69,8,5.5,1,63023.0
4,128,3983,13,4,1.45,8,6.5,1,54074.0
2,64,2076,64,30,2.7,4,5.9,0,43025.0
6,128,5682,16,4,2.17,6,4.8,0,55873.0
12,32,5404,13,6,2.95,4,6.9,1,72129.0
4,512,3878,108,34,3.1,8,4.9,0,83418.0
2,128,5877,64,29,3.06,4,6.2,0,58361.0
2,64,5968,12,5,1.89,8,5.7,1,48852.0
4,128,2920,64,34,2.31,8,5.2,1,63955.0
3,32,4323,13,6,2.63,8,6.2,1,51052.0
2,512,5170,48,18,1.91,8,5.0,1,69575.0
8,32,3708,32,10,1.29,8,6.6,1,59861.0
4,128,5320,64,29,2.29,6,5.3,1,62724.0
4,64,4905,108,31,1.23,8,5.5,1,67096.0
12,128,2297,50,25,3.29,8,6.1,1,91343.0
3,128,5387,48,16,2.95,4,4.7,0,55048.0
12,128,5993,48,20,1.62,8,5.7,1,91544.0
4,128,4213,8,3,1.83,6,6.7,1,52440.0
8,256,5600,32,11,3.36,8,6.2,0,73654.0
6,32,2262,64,29,2.02,8,5.6,1,59989.0
8,64,4560,48,16,2.92,4,6.2,1,67458.0
16,64,5257,8,2,2.18,8,6.8,1,84156.0
4,512,2072,32,17,3.1,4,5.1,0,61230.0
12,64,2950,32,11,2.75,4,5.9,1,70387.0
4,128,5189,13,6,1.25,4,5.2,0,43385.0
4,128,1818,64,26,1.85,8,6.6,1,58301.0
4,64,3416,108,48,2.43,4,6.3,0,60206.0
6,64,4978,48,14,3.24,2,6.5,0,57673.0
3,64,5881,48,19,1.42,8,6.8,0,50544.0
6,64,2211,12,4,2.52,4,5.2,0,45079.0
6,64,2541,12,5,1.86,4,4.8,0,43514.0
8,16,4471,48,26,3.16,4,5.3,1,65257.0
8,256,4579,64,19,2.88,6,5.6,0,68917.0
4,512,4424,12,6,2.01,6,6.1,1,66003.0
4,64,2314,108,38,1.57,2,6.5,0,47933.0
4,64,2006,108,36,1.23,8,5.5,0,53472.0
3,16,2747,16,5,2.57,8,5.7,1,47996.0
2,128,4241,16,6,2.09,6,6.4,0,43885.0
4,256,3628,16,6,1.89,6,5.2,1,54936.0
4,32,5398,32,11,3.37,6,5.2,1,55453.0
12,32,3967,64,29,2.23,8,6.0,1,76459.0
6,128,3456,12,3,2.85,4,5.7,1,54645.0
4,128,2401,32,11,1.59,4,6.8,0,45756.0
6,16,2511,12,4,1.23,8,5.5,1,49554.0
3,128,3003,64,30,2.12,4,6.4,0,51205.0
4,64,3191,8,2,2.66,6,6.0,0,45726.0
6,64,4496,50,27,2.31,8,4.8,0,60175.0
4,128,5072,13,4,3.16,8,4.9,1,57479.0
4,256,4931,16,6,2.15,6,5.1,1,60866.0
16,64,5530,64,20,1.88,8,5.0,1,89932.0
8,256,4466,13,4,3.22,2,5.4,0,60840.0
6,64,2349,50,24,2.09,8,6.0,1,61452.0
6,128,5782,8,3,1.79,6,6.0,1,60539.0
6,64,3044,108,32,1.41,8,6.0,0,61583.0
3,256,5686,48,13,2.95,8,5.0,0,63269.0
4,256,5812,13,4,3.02,8,6.0,0,60776.0
2,32,4349,50,27,1.27,8,5.6,0,47488.0
4,256,5004,32,16,1.99,8,6.7,1,64673.0
6,256,2645,64,24,2.85,6,6.7,0,66206.0
3,128,1843,64,25,3.28,6,6.4,0,53695.0
12,64,2458,108,48,2.03,8,6.2,1,82116.0
12,256,5730,48,21,3.12,8,5.0,1,96485.0
6,256,4667,16,8,2.07,4,4.9,1,61746.0
6,64,5447,12,5,1.59,8,6.5,1,58520.0
8,512,4582,13,4,1.21,8,5.6,1,88662.0
3,16,3491,32,15,1.93,8,5.7,0,46647.0
8,32,4025,64,26,2.03,8,6.6,0,65678.0
3,128,4866,12,5,3.28,4,6.1,1,54780.0
8,128,3747,32,10,1.65,4,5.1,0,55597.0
4,128,3165,108,48,2.04,4,5.2,0,58074.0
8,16,4930,12,4,1.26,4,4.7,1,53842.0
12,512,2767,64,22,2.88,8,6.3,1,109464.0
3,16,3204,13,6,3.21,8,5.8,1,47256.0
4,32,2285,64,27,1.72,8,6.8,1,56612.0
16,16,3555,16,7,2.14,8,6.3,1,79568.0
4,128,5430,16,9,1.47,2,4.9,0,41552.0
8,256,4768,50,23,2.21,4,5.1,0,67157.0
6,128,3379,32,14,1.49,4,5.8,0,50509.0
4,256,4595,16,7,2.35,6,6.7,0,57534.0
4,16,1850,50,18,2.82,8,5.2,1,53701.0
3,128,3459,13,7,2.42,2,6.5,1,44510.0
8,64,4587,108,39,1.74,6,5.4,1,72056.0
4,64,3955,32,15,1.98,4,5.3,1,49193.0
6,32,4961,13,4,2.6,8,6.7,0,55160.0
4,128,3414,12,4,2.5,6,4.8,0,46931.0
6,128,4536,50,14,1.5,6,6.2,1,61243.0
8,128,2206,50,22,3.06,6,4.8,1,66974.0
16,64,5179,32,11,2.25,8,6.5,1,84621.0
4,32,5997,16,5,1.56,4,6.5,0,45233.0
8,128,3184,12,5,1.47,8,6.7,1,71613.0
8,32,5495,12,3,3.32,8,5.1,1,65993.0
6,256,4702,50,16,1.82,8,5.0,1,66494.0
12,128,3429,50,18,3.2,8,5.8,1,94503.0
3,32,5062,16,7,2.1,6,5.3,0,43327.0
3,512,2826,16,7,2.05,6,6.0,1,63698.0
8,128,4789,16,8,2.74,4,5.8,1,62540.0
4,32,4024,12,4,1.22,8,5.0,0,41615.0
8,128,4720,108,37,1.94,4,6.3,1,73205.0
8,64,4583,8,2,1.87,4,6.5,0,52616.0
2,256,3213,64,34,3.11,8,6.8,1,67411.0
8,256,5448,48,19,2.36,8,5.6,1,90624.0
4,512,4608,50,20,2.0,4,5.4,0,66197.0
6,128,5131,32,17,1.79,8,5.1,1,62665.0
6,64,3978,48,16,2.5,8,5.1,1,62878.0
12,128,2597,48,17,1.53,4,5.4,1,67533.0
2,32,4646,108,48,1.74,6,6.9,0,56063.0
4,128,2729,16,8,1.85,8,4.9,0,46117.0
6,128,4891,32,15,2.54,8,5.3,0,60150.0
6,32,4062,16,8,2.02,6,4.9,0,51480.0
6,64,3133,8,3,2.31,6,5.3,0,45270.0
3,256,3074,48,24,2.63,8,4.9,1,63038.0
4,256,5280,32,13,3.3,8,5.8,0,64865.0
4,32,5142,16,5,2.88,8,5.7,1,57078.0
8,32,3017,48,20,2.09,4,5.1,0,54598.0
4,64,3264,32,15,2.85,6,5.1,0,49116.0
3,256,5974,13,6,3.29,8,6.1,0,61278.0
12,32,1813,12,4,2.3,4,5.6,1,64970.0
2,128,4093,48,13,2.1,8,4.8,0,49065.0
16,32,3845,16,5,1.37,8,6.7,1,77056.0
6,128,2837,13,7,3.16,4,5.6,1,54768.0
8,64,5928,64,20,1.74,8,6.0,0,65420.0
4,128,3259,108,42,1.34,6,6.6,0,59192.0
2,64,2056,50,22,2.38,8,5.6,1,51254.0
6,128,5929,12,6,3.06,6,6.5,0,59724.0
8,64,5873,64,31,2.09,6,6.7,0,68001.0
6,128,3083,32,17,2.92,8,5.1,0,57699.0
3,256,5287,50,22,3.04,8,6.7,0,68389.0
8,32,3984,32,16,2.2,2,5.0,1,56350.0
8,256,2158,12,4,2.5,8,5.3,1,81569.0
6,128,5591,16,6,2.37,4,6.5,1,60096.0
8,32,4987,32,16,3.27,6,6.7,1,67172.0
8,64,3025,48,17,2.8,6,6.2,0,59898.0
6,32,4097,32,16,3.24,6,4.9,1,58171.0
2,128,2077,8,3,1.68,6,5.9,1,39892.0
4,128,3786,8,3,1.88,4,6.0,0,45080.0
2,32,5344,13,4,1.36,4,5.3,0,35693.0
4,128,4593,108,45,2.3,2,6.9,1,65306.0
4,256,2191,12,3,3.12,6,5.4,0,54155.0
2,256,2768,32,8,1.92,8,5.2,1,55673.0
4,128,3990,108,48,1.48,4,4.9,0,57372.0
3,512,4028,50,26,1.35,8,5.5,0,65368.0
8,128,4426,64,17,2.18,8,6.2,0,67449.0
12,64,4645,12,5,1.56,8,5.2,1,72503.0
2,256,5107,32,13,1.96,8,6.4,1,60451.0
12,64,4400,108,39,3.0,8,5.0,1,91941.0
6,64,4480,8,3,2.04,4,5.7,1,50410.0
4,64,1885,8,3,2.54,8,6.2,1,49721.0
2,256,4934,64,25,2.3,8,5.0,1,65968.0
6,256,4039,12,6,2.78,8,6.0,0,63584.0
8,64,5164,108,44,1.54,8,6.5,0,73111.0
6,64,3845,108,37,3.22,4,6.0,0,64289.0
2,64,2854,16,7,2.62,8,5.8,0,41342.0
2,128,5201,12,5,1.8,8,6.5,1,51811.0
4,64,5529,13,6,1.47,6,6.9,0,48699.0
4,128,4469,8,3,1.53,6,5.1,1,52359.0
3,64,2075,13,6,2.92,8,6.2,0,45199.0
4,64,5890,32,11,2.49,8,4.9,0,54072.0
8,32,2905,13,5,2.04,6,4.8,0,50304.0
12,64,4732,13,6,1.93,8,5.3,1,71456.0
4,256,1928,48,23,3.08,6,6.8,0,60458.0
12,64,5368,13,5,3.12,4,5.9,1,71795.0
4,32,4202,13,5,2.48,4,5.3,0,42766.0
4,64,3447,108,48,2.35,4,5.0,0,57436.0
3,64,5356,12,4,3.0,6,6.7,0,48430.0
6,16,5691,8,2,2.85,6,5.5,0,51314.0
12,64,3993,64,25,2.08,8,5.4,1,79936.0
6,128,3847,13,4,1.38,8,6.6,1,57424.0
4,128,4904,50,18,2.89,4,6.0,1,61479.0
6,64,3934,12,4,1.57,4,5.1,1,50509.0
3,64,2642,64,31,1.24,4,5.6,0,41340.0
8,512,3771,108,38,3.06,8,6.7,1,103853.0
6,64,5703,64,28,2.47,4,6.7,0,60985.0
4,64,5413,64,29,3.16,4,4.9,0,55968.0
6,64,2191,64,25,2.27,8,5.3,0,56921.0
6,64,4079,50,14,3.24,8,5.0,1,65514.0
2,128,2700,12,6,1.98,4,5.9,0,39206.0
6,64,4294,64,17,2.79,6,6.3,1,65006.0
3,128,2952,32,9,1.86,6,5.4,0,44906.0
6,16,3094,48,15,1.2,8,6.4,1,53990.0
8,64,2265,16,5,2.04,8,6.2,0,53317.0
8,128,3975,8,4,2.82,4,6.3,1,60928.0
6,64,5045,32,14,1.53,8,6.8,1,60426.0
6,128,2287,13,5,2.31,6,5.6,1,53954.0
3,64,4738,108,48,1.67,4,5.5,1,60730.0
8,128,4426,16,5,1.36,6,6.2,1,63257.0
4,32,2749,12,5,2.56,6,6.5,0,42071.0
4,256,2849,16,8,3.29,6,5.1,0,54119.0
4,32,5875,13,6,1.88,4,6.6,0,44229.0
3,256,3190,13,4,2.48,6,4.8,0,47083.0
6,64,2883,32,15,3.3,2,4.7,0,48512.0
2,128,3458,8,3,2.63,8,5.0,1,47970.0
6,64,3617,32,11,2.68,4,6.9,0,53076.0
4,256,1990,64,25,1.59,2,5.9,0,50093.0
2,32,2260,108,48,2.28,8,4.8,0,52511.0
6,32,4321,8,2,2.01,8,6.9,1,56820.0
2,64,5276,12,3,2.24,8,6.3,0,44069.0
4,32,4505,12,4,2.96,6,6.5,0,47061.0
6,32,2957,48,15,2.21,4,5.2,0,49628.0
2,256,1827,8,2,1.34,8,4.9,0,40476.0
8,512,4772,8,4,3.19,8,5.8,0,75442.0
2,64,4824,12,4,2.4,4,6.4,0,43620.0
3,256,3064,16,5,3.23,8,6.1,1,60652.0
6,128,2655,12,5,2.46,4,6.1,0,50397.0
4,64,5825,16,8,1.35,8,6.4,1,53463.0
3,128,3051,13,6,2.42,8,5.2,0,44596.0
4,128,5670,13,6,2.47,8,6.2,1,60099.0
4,512,3126,108,29,1.67,8,5.6,1,77685.0
8,64,2825,64,31,2.24,8,4.9,1,68596.0
4,128,2161,108,43,2.21,4,5.1,0,56355.0
8,32,3018,8,4,2.57,6,6.4,1,58110.0
8,32,2405,32,17,1.77,4,6.7,1,56217.0
4,16,3470,16,8,2.48,6,5.3,0,46732.0
12,512,4097,108,48,1.73,8,5.1,1,113677.0
4,256,3994,13,4,2.18,6,4.8,0,51440.0
12,128,3077,32,13,1.47,6,6.8,0,66436.0
2,128,2198,64,34,1.28,8,6.2,0,46994.0
6,64,3972,32,14,1.91,8,6.8,0,54820.0
4,32,4610,108,30,1.8,2,6.6,0,55366.0
4,64,4452,12,6,2.1,6,5.4,0,45758.0
6,64,4739,48,13,3.32,4,4.9,0,57990.0
6,128,2621,32,15,2.35,8,5.8,1,59578.0
2,128,2744,108,48,2.42,4,4.8,1,59333.0
3,32,5278,50,19,3.27,8,5.0,0,54831.0
6,16,4579,64,24,3.23,4,5.2,1,62759.0
6,32,2996,50,17,3.15,4,6.2,1,58743.0
12,64,3012,32,16,1.42,8,5.8,1,70097.0
8,256,2623,32,13,2.6,2,5.4,0,58688.0
12,128,3696,16,7,2.98,6,5.9,0,70997.0
6,256,4215,12,5,3.04,2,5.0,1,57935.0
4,64,2335,108,37,2.47,6,6.4,1,63467.0
3,64,4810,13,5,1.24,8,6.3,1,48271.0
8,32,4427,13,6,3.34,6,5.2,0,56418.0
6,256,5577,13,7,2.24,4,6.0,1,66480.0
2,128,2749,64,17,2.07,6,5.8,0,46336.0
4,32,5308,48,13,2.07,8,4.8,1,54660.0
12,128,2343,8,3,2.13,8,5.3,1,78468.0
6,64,5700,13,6,1.73,8,6.9,1,59448.0
4,128,5553,16,6,1.92,8,4.9,0,53574.0
4,256,3882,12,7,3.37,4,5.8,1,56116.0
3,128,4666,48,15,2.01,4,6.6,0,52425.0
4,128,4046,8,2,2.36,4,5.4,1,51264.0
4,32,3636,8,2,3.07,4,5.3,1,47554.0
2,32,1876,64,33,2.36,4,6.7,1,45850.0
8,32,2168,16,5,1.91,8,5.4,1,54417.0
4,16,2148,8,3,2.35,8,6.1,1,46599.0
8,128,3255,50,19,1.45,8,6.3,0,62690.0
8,128,3985,108,48,1.49,4,6.4,1,71555.0
3,32,5611,50,13,2.73,8,6.9,1,57273.0
6,256,5072,8,4,3.22,8,6.5,1,70483.0
4,32,5482,8,3,2.8,8,6.1,1,57268.0
8,64,3646,8,4,1.36,4,6.7,1,57192.0
3,64,3654,64,32,2.09,4,6.7,1,52637.0
6,64,4785,50,18,1.21,2,6.8,0,48920.0
6,64,4425,13,7,2.32,6,6.4,0,48060.0
4,64,4694,13,3,1.63,8,5.1,0,44211.0
3,64,2358,13,6,3.11,2,6.3,0,37925.0
6,512,4696,12,5,1.43,4,4.9,1,66130.0
6,32,3717,16,6,1.2,8,5.4,0,46675.0
4,32,3054,50,15,2.19,8,5.0,1,54890.0
6,32,3481,108,44,1.54,6,6.8,0,62028.0
4,128,3614,13,4,2.82,8,5.4,0,50544.0
6,32,2462,50,22,3.22,6,6.3,0,55985.0
3,256,5916,16,5,1.29,4,6.0,0,47448.0
8,128,5125,8,4,2.07,6,4.9,1,61317.0
4,128,3041,32,14,3.39,8,5.9,0,53942.0
4,128,4943,64,30,2.81,8,6.2,1,66497.0
2,32,4837,13,6,3.3,4,6.6,0,46347.0
3,32,1961,16,5,1.56,8,4.9,1,42886.0
6,64,3750,13,3,1.69,6,5.4,0,46619.0
4,128,3581,64,23,1.54,8,6.2,1,60734.0
8,64,3277,64,34,1.87,2,4.8,1,59460.0
2,32,4830,16,7,2.79,6,5.1,0,45520.0
4,512,5786,12,6,1.56,8,5.2,1,70738.0
4,16,1906,13,7,2.35,8,6.2,1,46534.0
2,256,4468,13,7,1.79,6,5.3,0,49316.0
3,128,2964,16,7,3.02,4,6.0,1,50752.0
4,64,2957,12,5,1.21,4,6.8,0,39641.0
4,32,4046,12,6,1.69,6,6.4,1,49344.0
4,32,2466,13,6,2.53,8,5.4,1,50506.0
6,128,3926,8,4,1.41,8,5.7,1,56903.0
6,128,4741,64,28,2.23,6,5.1,1,65926.0
2,128,2311,48,21,2.16,6,4.7,0,45797.0
4,256,2049,13,5,3.08,8,5.3,1,58660.0
12,128,2688,8,4,2.58,6,5.5,0,66223.0
6,32,2823,13,6,2.61,8,5.9,1,56240.0
6,64,2399,8,3,3.29,4,6.8,1,54048.0
4,256,4822,13,4,3.36,8,6.8,0,62553.0
8,64,4330,16,8,2.64,8,4.9,1,63945.0
8,32,4683,48,21,2.35,8,6.1,1,70069.0
6,128,3864,50,18,2.54,8,4.8,1,66387.0
12,64,3558,50,15,2.04,4,6.1,1,70757.0
3,256,5369,108,47,3.37,8,5.0,0,68756.0
2,128,3042,64,20,2.75,8,6.8,0,55350.0
8,32,4095,16,6,1.84,6,6.6,1,59241.0
8,256,3725,48,22,1.33,4,4.7,1,68974.0
3,64,3862,8,3,1.3,2,6.4,0,33488.0
4,64,5195,64,34,1.65,6,6.1,0,54472.0
2,64,2240,48,13,1.71,6,5.8,1,43505.0
4,32,4543,12,4,2.11,8,6.0,1,51215.0
8,64,1806,64,17,1.67,4,6.2,1,61032.0
6,32,3386,16,5,2.59,8,6.6,1,55176.0
4,64,2625,108,31,1.66,4,6.4,1,55713.0
4,64,5624,16,8,1.61,4,6.0,1,50782.0
2,128,3068,8,3,2.24,6,6.5,1,46942.0
4,256,5236,50,26,3.16,6,6.9,0,65333.0
6,32,5238,32,8,2.23,4,5.4,1,52366.0
12,64,3110,32,14,2.11,4,5.0,1,68522.0
8,64,5833,16,9,2.47,4,6.3,1,62557.0
2,32,3427,48,15,1.77,8,6.9,0,44260.0
8,128,2836,8,3,1.98,8,5.0,1,75149.0
8,128,2277,13,6,1.67,6,5.6,0,53928.0
8,32,4478,50,22,2.46,8,4.8,0,62062.0
4,64,2514,64,27,2.73,8,6.4,1,59366.0
4,32,3476,108,38,2.68,4,6.8,0,57788.0
4,128,3962,8,4,1.76,8,5.8,1,53484.0
2,32,2308,16,7,2.92,8,5.6,0,42430.0
3,512,2181,12,4,1.76,4,6.7,0,53605.0
3,128,2980,12,6,1.53,4,5.0,0,40172.0
4,64,3645,8,3,1.97,4,6.7,1,45669.0
6,128,3518,32,13,2.52,4,5.6,1,57828.0
4,256,2900,12,6,1.51,8,5.9,1,55494.0
2,128,3660,16,7,2.63,6,5.9,0,42785.0
12,32,3891,108,29,3.1,8,6.1,0,81898.0
12,64,2517,13,5,1.84,8,6.8,1,68360.0
8,256,2117,64,31,2.19,8,6.8,0,69913.0
16,128,3576,48,22,1.7,8,6.5,1,101826.0
6,128,4084,32,17,1.99,2,5.1,0,49777.0
12,256,3044,12,3,1.25,6,5.4,0,67603.0
2,256,3133,13,4,3.3,8,5.8,1,58148.0
4,256,5469,64,27,2.11,2,6.7,1,64869.0
3,32,3000,108,47,2.94,2,5.8,1,56758.0
3,128,3594,50,17,1.51,8,6.9,0,48829.0
3,128,4501,8,4,2.99,8,6.9,1,58106.0
6,128,3254,48,14,3.09,4,6.0,0,54426.0
8,128,3733,50,13,2.77,8,6.6,1,85907.0
6,32,2546,48,26,3.19,8,6.9,0,60310.0
3,128,2640,12,4,1.57,6,6.6,1,45342.0
8,128,4295,108,48,2.25,2,6.1,1,72659.0
6,32,2888,13,4,2.56,8,6.6,1,54096.0
4,64,2592,48,13,2.51,6,4.9,1,51405.0
6,32,3067,48,23,3.09,4,6.1,1,57678.0
4,64,3350,64,32,1.67,6,5.2,0,49660.0
4,16,4490,16,6,1.59,8,5.0,1,49531.0
12,64,2092,48,13,1.76,4,6.7,1,67535.0
4,128,5822,8,4,3.16,4,6.1,0,54088.0
4,128,3204,108,33,3.27,4,5.2,1,64878.0
8,128,3448,108,48,2.45,8,5.6,1,92916.0
6,256,4616,50,17,2.3,4,6.8,0,62218.0
2,64,5710,8,4,2.53,8,6.6,1,54954.0
3,32,4718,13,5,2.56,8,4.7,1,50801.0
2,256,3197,32,14,1.57,4,6.9,0,46276.0
6,32,3493,16,8,2.71,8,5.5,1,56119.0
4,512,2837,32,8,2.2,8,6.2,1,71763.0
3,256,5652,50,25,2.34,8,6.3,1,68037.0
12,128,3362,108,31,1.27,4,6.7,1,79133.0
6,512,2912,8,3,2.88,8,6.6,0,68477.0
3,32,3091,32,13,3.04,8,5.3,1,51690.0
6,64,2961,13,7,2.56,8,6.1,1,54678.0
6,128,2829,13,3,2.85,4,5.6,0,49320.0
2,64,4539,12,5,2.35,8,5.9,1,48973.0
4,256,2778,48,21,2.56,6,5.9,0,55594.0
8,32,2317,48,17,2.07,4,5.6,0,52569.0
4,128,2582,13,4,2.94,6,5.7,0,47289.0
6,128,4631,8,3,2.23,8,5.2,1,58647.0
4,128,5980,50,15,2.7,6,6.0,0,57607.0
2,64,1937,12,5,2.57,8,6.4,1,46336.0
3,64,2553,64,31,2.75,8,5.6,1,56546.0
4,256,4753,13,7,2.93,6,6.9,0,60455.0
3,32,4255,8,3,2.33,8,4.8,1,48083.0
2,256,4634,108,47,2.99,6,6.0,1,73203.0
8,128,2379,32,8,2.29,6,6.0,1,60447.0
16,128,5055,8,3,3.3,8,4.8,0,81639.0
8,128,5066,48,26,2.86,8,5.2,1,83748.0
8,64,2195,13,4,1.58,8,6.7,1,57951.0
3,128,3737,16,7,3.03,8,5.9,0,50957.0
12,256,4389,64,31,2.41,4,5.7,1,86147.0
3,64,4834,32,14,3.37,4,5.6,0,48823.0
12,512,1969,48,18,2.78,8,6.7,0,85261.0
16,64,4137,16,5,1.39,2,5.5,1,70893.0
6,32,5039,48,19,2.07,4,6.6,1,59413.0
16,64,5215,13,4,2.34,8,5.4,1,81684.0
6,512,5368,8,4,3.05,2,5.9,0,66476.0
4,64,5016,48,18,2.8,4,5.0,1,54745.0
4,256,5284,8,4,2.01,8,6.5,0,57716.0
6,256,3641,13,4,2.64,8,6.3,0,61938.0
2,64,5560,64,24,2.47,8,5.9,1,63035.0
6,32,4826,50,21,1.48,8,4.8,0,54823.0
16,128,5765,64,18,1.72,6,5.8,1,89361.0
3,64,3401,12,5,1.95,8,5.2,1,47405.0
8,128,2946,50,17,1.63,8,5.6,0,64606.0
12,64,4484,16,5,1.53,4,6.6,1,67214.0
12,64,1911,8,2,1.33,4,6.4,0,54712.0
12,128,2392,13,5,3.12,8,5.2,1,86689.0
6,64,4239,32,17,1.84,8,6.9,0,56102.0
12,64,3038,64,17,1.84,8,6.7,1,80992.0
8,64,4594,12,6,1.65,8,5.9,1,63585.0
3,64,4214,12,4,2.25,8,5.9,0,46083.0
4,128,3929,64,27,2.33,8,6.7,0,60197.0
6,256,4653,108,44,1.66,8,6.1,1,78943.0
3,64,4669,8,4,2.54,4,5.9,0,43936.0
6,128,5398,12,6,2.79,8,6.3,0,59260.0
6,128,5603,16,9,2.02,4,5.2,0,55743.0
3,64,3326,13,6,2.49,8,6.6,1,50202.0
6,64,3769,8,3,2.31,8,5.9,1,57000.0
8,256,2751,16,9,1.63,8,6.0,0,61624.0
4,128,3302,12,7,2.81,8,4.9,1,54640.0
2,128,5136,32,9,2.96,6,5.4,0,48485.0
2,128,1909,8,4,2.63,6,5.6,0,40535.0
4,16,5786,64,29,1.91,6,5.6,1,59103.0
12,128,4154,12,6,3.24,8,6.4,1,88102.0
3,128,2025,13,7,2.2,8,5.3,0,43675.0
6,128,4811,13,7,1.78,8,5.1,1,59512.0
3,64,5926,16,8,2.1,4,6.0,1,51639.0
4,32,2413,50,14,2.72,6,6.1,1,55088.0
8,32,1898,108,32,3.06,8,5.0,1,72956.0
6,512,2610,13,4,1.98,6,4.7,1,66906.0
2,64,5137,8,2,1.71,8,6.7,0,43408.0
4,64,4499,8,3,2.58,8,4.9,0,48121.0
2,32,2819,48,22,3.23,8,6.7,1,54118.0
4,16,4825,32,11,1.6,6,5.6,0,44282.0
6,128,5328,50,23,2.97,8,6.1,1,69952.0
3,128,5686,50,25,2.25,4,5.1,1,57731.0
4,128,4779,13,6,2.96,8,6.5,0,54330.0
4,64,5140,50,19,2.31,4,5.1,0,50660.0
12,128,2596,108,37,2.03,2,5.6,1,77100.0
16,32,3757,64,18,2.73,8,5.2,1,87531.0
2,32,4866,13,5,3.18,4,6.5,0,42276.0
8,64,4820,32,15,1.9,8,6.6,1,61737.0
4,64,4480,64,27,2.21,8,5.5,1,60336.0
4,64,4748,12,6,1.7,8,5.4,1,50692.0
8,128,5531,50,18,1.6,8,6.4,1,75881.0
12,128,2901,50,14,2.91,4,6.6,1,74490.0
12,256,2837,64,31,1.64,8,6.1,1,97489.0
6,64,2591,8,3,2.95,4,6.7,0,48042.0
4,32,5974,64,28,2.14,6,5.5,0,56233.0
8,64,3578,8,4,3.39,8,5.0,1,66332.0
4,512,2781,13,4,1.63,6,5.1,0,57783.0
6,128,3065,108,46,1.4,8,6.2,0,65606.0
4,128,2543,16,7,1.37,8,5.6,1,52774.0
6,16,4231,108,48,3.04,8,5.0,1,70985.0
3,128,2174,8,2,2.16,8,5.3,1,46311.0
3,16,3553,64,32,1.21,4,5.9,0,44273.0
12,128,5697,13,4,3.12,8,5.0,1,91811.0
3,256,4336,50,20,3.13,8,4.7,1,67981.0
6,512,3791,12,5,2.97,6,6.7,1,72606.0
3,128,4728,50,16,1.75,4,5.4,0,45635.0
2,64,5246,50,17,2.02,8,5.2,1,54381.0
2,256,2391,108,32,2.84,6,6.2,0,62310.0
3,128,4369,12,5,2.28,4,6.6,0,44625.0
8,32,4672,64,17,1.54,8,6.1,1,65342.0
4,64,2976,32,17,1.73,8,5.3,1,50212.0
12,64,3135,108,32,3.34,8,6.6,1,89068.0
6,64,1912,64,33,1.53,8,5.8,1,61084.0
4,64,5572,13,7,2.8,8,5.5,0,53643.0
6,128,3645,13,5,2.25,2,6.0,0,47732.0
6,64,3787,64,26,2.85,6,6.2,0,59023.0
8,32,3785,108,37,2.65,4,6.0,0,63807.0
4,128,5092,12,7,2.17,8,6.7,0,51204.0
4,256,5042,13,6,1.98,4,6.1,0,49374.0
8,128,2052,64,34,2.86,4,6.6,0,62514.0
12,64,1923,12,4,1.91,8,6.0,1,66976.0
8,256,3036,64,33,2.93,4,5.4,0,68599.0
4,256,2423,32,12,2.7,4,5.9,0,54328.0
8,64,4956,48,24,2.47,8,4.9,1,69674.0
4,16,4936,16,5,2.01,4,5.2,0,40022.0
4,128,5189,13,6,1.65,4,6.4,0,46637.0
3,256,5217,64,29,2.76,6,6.2,0,63095.0
6,512,3455,108,48,1.4,8,5.1,0,80602.0
3,256,3066,64,25,3.34,8,5.7,0,63838.0
4,128,4745,108,48,3.35,6,5.0,0,67983.0
8,128,2960,8,3,1.49,8,6.6,1,74816.0
3,16,4094,32,14,1.43,6,4.9,1,47861.0
2,64,2240,50,21,2.11,8,6.1,1,51766.0
2,64,3892,64,22,3.32,4,6.0,1,51134.0
12,128,4505,12,6,2.08,8,5.7,1,89957.0
6,128,5559,16,4,2.0,8,5.3,1,60474.0
4,128,2353,50,15,2.75,8,5.6,1,56490.0
8,64,2912,32,13,1.59,4,6.5,1,57253.0
8,128,4577,8,4,2.0,4,6.4,0,58584.0
4,32,3633,12,5,1.84,8,6.3,1,49964.0
6,64,3114,32,16,2.52,4,6.3,0,50691.0
8,128,5293,48,19,1.56,8,5.0,1,83633.0
6,128,4938,8,4,2.41,8,4.9,1,63965.0
3,512,4912,13,5,3.09,8,6.6,0,67849.0
8,64,1898,48,24,2.33,4,6.5,0,56947.0
6,64,5725,48,18,2.7,8,6.2,1,67296.0
4,64,3279,50,21,1.37,8,6.0,0,48883.0
4,64,3022,13,4,2.19,8,5.5,0,47676.0
2,256,2804,8,4,1.41,2,5.2,0,36006.0
3,128,2276,50,23,2.52,2,6.2,1,51218.0
8,256,2935,13,7,1.82,6,6.7,0,59527.0
2,64,4656,32,10,1.83,4,5.7,0,40173.0
4,256,3505,16,4,1.37,8,5.4,0,50755.0
6,32,2317,8,3,1.88,8,5.3,0,42698.0
2,256,3020,50,20,2.31,6,4.8,0,49989.0
12,64,4306,16,8,2.49,8,5.8,1,73502.0
3,64,2991,8,3,1.35,2,6.9,0,34044.0
4,128,5680,48,16,2.63,4,6.5,0,54775.0
4,256,5043,16,6,2.28,2,6.7,0,53999.0
3,16,3777,16,7,2.38,6,6.1,0,41172.0
2,64,4042,12,4,3.03,8,5.8,0,48054.0
6,256,4890,8,4,1.95,4,6.9,0,56735.0
12,64,3687,13,4,1.58,8,5.7,1,67896.0
3,32,2773,32,15,2.41,6,6.7,0,44736.0
6,64,1865,108,46,3.28,8,6.4,1,72725.0
6,64,4706,50,16,2.34,4,5.4,1,58016.0
8,256,2370,16,8,3.03,4,5.8,0,58965.0
4,128,5692,64,25,2.87,2,5.5,0,55957.0
4,128,2107,16,7,2.34,6,5.0,0,45350.0
4,512,5208,48,22,2.62,4,5.5,0,70203.0
6,64,5542,8,2,2.09,8,6.7,0,56869.0
8,32,2582,48,24,2.37,8,6.4,1,63331.0
3,64,2565,32,15,2.32,8,5.3,0,46460.0
4,64,5275,12,6,2.76,8,5.5,0,51852.0
12,32,2572,8,3,2.1,4,6.1,1,61163.0
8,256,5657,48,15,1.42,6,5.6,1,74877.0
16,128,4985,12,4,2.94,8,5.8,1,99812.0
8,64,2339,108,48,2.71,8,6.2,1,77824.0
4,128,3849,108,48,3.29,8,5.7,0,63786.0
6,128,5083,8,3,2.14,8,5.1,1,61554.0
6,256,3463,32,11,1.37,4,5.8,1,59703.0
2,256,2847,64,30,1.47,4,5.5,1,55010.0
6,128,5636,16,8,2.9,2,5.3,1,57965.0
6,128,5239,13,6,1.35,6,5.4,0,54706.0
3,128,2305,32,8,3.2,4,5.7,0,45818.0
8,128,5047,32,8,1.82,6,6.7,0,61298.0
6,32,5300,64,23,3.18,8,6.3,1,68508.0
12,32,3710,48,14,2.9,8,6.2,0,72174.0
2,128,2532,12,6,3.12,8,5.7,1,50617.0
4,64,5313,8,3,1.67,8,4.7,1,52965.0
6,16,3371,13,6,2.51,4,5.4,0,46572.0
4,128,4742,12,4,1.41,2,6.5,0,44338.0
6,16,4121,16,7,1.65,8,5.6,1,54041.0
8,128,5135,13,6,1.88,4,5.9,1,60511.0
3,128,4553,108,38,2.83,4,5.2,1,65947.0
6,512,3172,32,13,1.25,6,6.7,1,71380.0
6,64,3244,16,7,3.19,4,6.7,0,48080.0
4,32,5176,108,48,1.36,8,5.0,1,64172.0
12,128,2089,16,4,2.03,6,6.3,1,64885.0
8,256,3865,48,24,1.38,8,4.9,1,77768.0
6,512,1863,8,4,2.89,8,6.0,1,73745.0
6,64,5745,12,6,1.51,6,5.1,0,49898.0
4,64,2129,16,8,3.15,4,5.0,0,42513.0
12,256,3763,108,34,2.37,4,4.7,1,86091.0
6,32,4888,48,20,3.29,6,6.8,1,65620.0
6,128,4290,48,22,1.84,8,6.5,1,64913.0
8,64,1940,108,47,2.2,8,4.9,0,69639.0
4,16,4273,16,6,2.73,8,6.0,0,46690.0
8,64,5703,13,7,3.03,4,5.2,1,63190.0
3,64,2249,50,20,2.13,8,5.3,1,52828.0
4,128,3625,50,27,3.16,8,6.6,0,58772.0
4,256,2669,108,45,1.46,6,5.0,0,62554.0
12,64,5364,48,23,2.76,8,6.0,1,80494.0
8,256,5459,12,6,1.97,6,5.6,1,69297.0
6,32,5402,48,22,1.42,8,5.1,0,54326.0
6,128,2192,64,16,2.05,8,5.7,1,62797.0
6,32,2641,48,13,3.14,4,6.8,1,61130.0
12,256,4248,108,46,3.36,8,6.4,0,92024.0
4,128,4591,16,8,2.06,4,5.0,0,45590.0
4,128,4753,13,6,3.15,4,6.6,0,53642.0
3,256,3158,32,10,2.32,8,6.8,1,62009.0
8,128,2790,13,4,2.78,8,5.3,1,75861.0
6,512,2838,12,5,1.3,4,5.4,1,63509.0
4,128,1827,12,5,2.43,6,5.0,0,44372.0
2,256,2187,16,9,1.35,4,5.5,0,40835.0
8,128,2632,13,5,1.79,6,6.2,0,52686.0
2,32,2049,108,39,2.45,8,5.3,0,51267.0
6,128,3827,50,20,2.98,8,4.7,0,60024.0
12,32,3328,48,23,2.43,8,5.4,1,73993.0
4,128,5993,64,26,3.26,6,5.7,1,66031.0
3,64,3638,108,38,2.98,8,5.9,1,65482.0
6,128,3160,13,5,1.54,6,6.2,1,52693.0
8,16,4909,50,24,2.06,8,4.8,1,66961.0
6,32,3123,108,29,2.67,8,5.7,0,64840.0
12,64,4026,8,3,3.26,8,5.3,1,72719.0
2,512,5480,108,32,3.37,6,6.8,0,78714.0
6,64,2691,50,27,2.88,4,5.5,0,54591.0
6,64,3105,16,4,2.46,2,4.9,1,48488.0
8,128,5992,48,23,2.86,8,4.8,1,86502.0
3,128,2061,48,21,1.8,6,5.3,1,48711.0
8,64,4140,48,21,1.82,6,5.1,1,65172.0
6,64,3593,12,6,2.64,6,6.1,0,49011.0
4,64,4096,32,12,3.12,8,6.6,0,54466.0
3,512,4092,50,19,3.33,4,5.4,0,65939.0
8,32,3970,48,16,1.95,8,6.0,1,65254.0
3,64,2124,13,6,2.95,8,6.3,1,49515.0
4,16,2785,32,17,3.07,8,5.6,0,50006.0
4,64,5652,64,34,2.57,6,4.8,1,61009.0
8,128,3539,32,15,1.96,4,5.2,1,59930.0
6,64,3660,13,7,2.56,6,6.6,0,49976.0
8,32,4937,108,48,2.49,6,6.5,1,75269.0
4,64,5698,13,6,2.53,4,4.9,0,46107.0
6,16,2635,12,4,2.56,8,5.2,1,53617.0
6,32,5954,48,19,3.06,6,6.4,1,66079.0
8,256,4578,64,34,1.57,8,5.8,1,85675.0
12,128,3196,48,22,2.01,2,6.4,0,63812.0
2,256,3476,8,4,2.49,8,5.2,0,48998.0
6,256,3637,64,18,1.82,8,6.8,1,67582.0
2,128,5521,8,2,3.35,8,6.4,0,52055.0
6,32,5472,108,38,1.78,8,5.1,1,69647.0
4,128,4822,64,20,2.23,8,5.9,1,63399.0
4,256,3471,48,25,3.13,8,4.9,1,66152.0
4,128,2716,12,4,1.38,6,5.5,1,47804.0
6,128,2717,108,45,3.01,8,6.2,1,75496.0
4,64,2933,64,18,2.46,2,5.4,1,49684.0
6,256,3636,16,5,1.27,2,6.1,0,49452.0
4,128,3938,12,4,3.19,4,5.2,0,46066.0
2,512,5807,48,26,1.29,4,6.3,0,60069.0
8,32,3705,8,4,2.33,4,5.5,0,50808.0
4,64,5789,50,23,1.31,4,6.4,0,48544.0
4,64,5285,8,4,1.36,2,5.0,0,38204.0
6,128,3920,48,26,3.15,8,5.5,0,63968.0
4,32,4532,32,12,2.88,2,5.7,0,45813.0
2,32,4569,13,5,1.63,8,5.6,0,43001.0
4,512,3121,48,17,2.57,4,5.7,1,68043.0
12,16,5516,16,4,2.95,8,5.7,1,76535.0
6,256,5154,48,16,3.16,8,6.9,0,72222.0
6,64,3328,16,6,2.23,8,5.1,1,56970.0
6,256,2559,8,2,3.17,8,6.4,0,59712.0
3,128,5212,32,16,2.32,2,5.9,0,45777.0
4,256,3157,64,32,2.71,8,5.6,1,68436.0
8,256,3990,48,16,3.35,8,6.1,0,72325.0
3,16,5281,108,48,1.72,8,6.6,1,63612.0
4,32,2748,16,8,1.57,8,5.7,1,47794.0
4,64,3879,108,38,1.95,6,6.6,1,65581.0
4,128,3566,64,29,1.56,8,4.9,0,52235.0
16,256,1827,13,4,1.83,4,6.1,1,79820.0
2,64,4270,48,13,2.83,8,5.4,1,53375.0
6,128,4338,16,6,2.25,4,5.6,0,50970.0
3,32,1959,8,3,2.03,8,6.0,1,43925.0
12,256,4692,108,31,2.01,4,5.8,1,87064.0
3,512,5913,16,6,1.63,4,5.5,0,59460.0
4,64,5522,32,17,2.18,8,5.4,1,58528.0
6,64,5531,13,6,2.57,8,6.1,1,63624.0
6,32,4271,16,8,1.51,8,5.8,0,49819.0
4,128,3370,108,48,3.34,4,5.4,0,61587.0
4,128,2636,50,24,2.18,2,5.2,1,49526.0
4,32,5738,64,16,3.29,8,6.4,1,66384.0
4,64,4086,13,7,1.5,8,6.5,1,52585.0
3,64,5205,13,6,2.89,8,5.2,1,53574.0
4,128,4470,50,17,2.56,6,5.3,0,56266.0
4,128,5912,64,27,3.0,8,5.2,1,71687.0
4,16,3427,32,14,2.52,6,6.6,0,49533.0
6,128,3666,8,2,3.32,8,6.4,1,61740.0
12,128,2004,13,4,2.58,6,4.9,1,69287.0
6,64,5379,32,8,2.93,6,6.5,1,64565.0
2,32,4974,13,7,3.13,8,4.8,1,51113.0
2,128,2591,8,2,2.77,8,5.3,0,44997.0
12,512,5892,50,17,2.35,6,6.7,1,97226.0
4,64,5547,8,2,1.8,4,6.6,0,46590.0
2,64,2905,48,23,3.08,2,6.4,0,44499.0
6,32,2890,48,25,2.26,8,5.7,0,56258.0
6,128,3407,50,21,2.57,4,5.4,0,54386.0
6,32,3639,8,2,1.37,4,6.6,1,48033.0
4,64,5197,13,5,2.29,8,6.1,0,49733.0
2,128,1866,108,48,2.74,8,5.4,1,64516.0
12,128,3078,12,6,2.48,8,5.7,1,78178.0
4,64,5958,32,15,2.19,8,6.6,0,52396.0
6,64,2613,13,4,1.69,8,6.7,1,51920.0
6,128,2202,32,9,1.88,8,6.2,1,58011.0
6,16,3802,50,15,2.74,8,6.3,0,55040.0
4,32,5966,8,4,1.69,8,4.8,1,49069.0
4,256,4725,13,6,2.57,6,6.0,0,56773.0
6,32,4793,48,22,2.5,8,6.2,1,62643.0
8,128,2886,50,26,3.33,4,4.7,0,63157.0
12,256,4366,13,7,1.33,4,6.6,0,65931.0
3,64,2571,16,5,1.44,6,6.7,1,41218.0
3,64,5472,48,13,2.31,4,5.2,0,46819.0
12,128,5048,32,17,2.36,8,6.6,1,91462.0
6,256,3469,108,48,1.29,8,6.2,1,73971.0
8,256,3356,8,3,3.02,8,6.0,1,85135.0
3,128,4758,32,17,2.29,8,6.6,0,54131.0
6,32,2951,8,3,1.96,6,5.3,0,46929.0
6,128,3017,64,18,1.9,2,6.4,0,52398.0
6,64,4031,50,20,3.1,8,5.4,0,61251.0
4,64,5744,32,16,1.63,8,6.4,0,51180.0
2,16,3842,48,21,1.55,6,5.7,0,40810.0
6,32,2505,16,7,1.67,8,5.0,0,48269.0
4,128,4469,108,28,2.58,4,5.5,0,62585.0
4,64,3913,13,4,2.98,4,5.2,0,47340.0
12,64,4777,12,6,1.93,4,4.9,1,65920.0
4,64,2222,50,15,1.58,6,4.9,0,42606.0
8,256,3821,12,6,1.66,8,6.4,1,81284.0
3,128,5593,48,23,2.56,8,6.6,1,63076.0
6,64,5931,64,30,1.74,6,6.7,1,65324.0
12,32,2330,13,7,3.13,8,6.6,0,66382.0
3,64,1890,13,5,1.43,8,6.5,0,40912.0
2,256,5172,13,6,1.27,4,4.9,0,42754.0
4,128,3742,8,2,1.39,4,6.4,0,45017.0
2,128,5605,108,40,3.06,8,6.4,0,66482.0
6,128,3040,32,13,2.63,8,5.0,1,63431.0
12,64,3558,108,34,3.31,8,6.2,1,88651.0
4,256,1897,32,17,1.94,6,5.7,0,54347.0
4,128,3279,50,23,1.67,8,6.7,1,57235.0
4,32,3632,8,3,2.44,4,6.2,0,41212.0
6,32,4385,108,31,2.38,4,6.8,0,61656.0
2,128,5447,8,3,2.5,8,4.9,0,48032.0
6,256,1879,16,7,1.96,6,4.8,0,52454.0
6,64,4023,50,25,1.21,4,6.8,0,52273.0
6,256,4369,108,43,1.28,4,4.9,1,71194.0
3,128,3572,8,2,2.66,2,5.5,1,46372.0
6,64,2923,48,16,2.35,8,6.1,1,60517.0
2,16,5611,32,11,3.01,6,6.6,0,49177.0
3,32,5274,13,6,1.86,4,5.3,0,44538.0
8,128,4423,12,4,2.99,4,4.8,0,57199.0
6,32,3203,8,3,2.14,4,5.8,0,42276.0
2,64,4378,12,4,1.41,8,5.7,1,44972.0
3,128,2131,16,7,3.35,4,5.4,1,48193.0
3,128,5408,48,19,2.33,8,6.6,1,60811.0
4,32,2539,32,16,2.58,2,6.3,0,42291.0
3,64,1841,16,7,2.68,4,6.6,0,41168.0
2,64,5678,64,29,2.0,8,5.1,0,51241.0
4,128,3749,50,15,2.84,8,6.2,1,60094.0
6,256,5260,16,4,3.11,4,6.8,1,70237.0
6,32,3928,32,13,2.05,8,6.0,0,52490.0
6,256,3954,32,9,2.65,6,5.1,1,67577.0
2,128,3037,13,5,2.87,8,6.9,1,53296.0
12,128,3566,108,28,1.62,8,5.9,1,91572.0
8,128,3641,32,10,1.93,8,6.5,1,80265.0
8,64,2305,12,3,1.44,8,5.0,1,54246.0
8,32,3641,16,8,2.52,4,6.2,1,56971.0
12,128,3194,16,6,2.96,8,6.7,1,90186.0
6,128,2056,32,9,2.54,6,5.9,1,55739.0
3,128,3520,64,21,1.6,2,5.3,1,51626.0
6,64,2871,32,15,2.4,2,5.0,0,45589.0
6,256,3422,8,4,3.04,4,5.4,0,53896.0
6,128,3866,12,3,1.87,8,5.5,1,58058.0
6,32,2869,13,6,3.03,8,6.3,1,60841.0
2,64,2250,13,5,2.93,8,5.1,1,45481.0
4,128,2697,48,22,1.25,2,4.9,0,42629.0
12,128,5528,108,48,1.73,6,5.6,0,82491.0
6,64,1881,8,4,2.39,8,5.7,1,55942.0
6,256,2536,48,22,2.78,6,6.1,1,66163.0
4,64,5974,108,28,3.14,8,6.3,1,74426.0
4,64,5744,16,6,2.61,8,6.7,1,56755.0
8,256,4007,13,4,2.04,8,5.3,1,81855.0
6,256,5748,48,26,1.61,8,5.9,0,68122.0
8,128,3802,48,16,2.87,8,5.5,1,82133.0
4,256,3491,12,5,1.65,6,4.7,1,51746.0
6,32,2979,32,10,2.73,8,6.0,0,51271.0
3,256,4735,8,2,1.6,4,6.5,1,52076.0
6,64,4315,108,46,1.4,4,4.8,1,63377.0
4,32,2261,108,43,1.75,4,4.7,0,48587.0
4,64,4701,13,5,1.83,8,6.3,1,51483.0
6,64,1916,32,9,2.62,6,6.2,0,50115.0
12,64,3454,13,6,1.55,4,5.6,1,65600.0
2,64,3598,50,13,3.25,4,6.2,0,45244.0
8,32,2459,8,3,2.42,8,6.8,0,55371.0
4,64,5037,32,14,2.28,8,5.2,1,55243.0
4,128,3922,48,18,2.16,8,5.2,0,53609.0
2,64,5619,50,14,2.45,8,5.1,1,54177.0
4,64,5143,13,6,1.25,6,6.3,0,48188.0
6,128,4350,50,17,3.38,6,5.5,1,68498.0
2,256,3386,16,5,2.43,8,6.9,0,52771.0
4,128,4547,48,20,1.28,4,6.3,0,50473.0
12,64,2434,32,8,2.5,6,5.5,1,67980.0
3,128,4682,16,6,2.16,6,5.0,0,46550.0
8,32,4611,48,23,1.25,6,6.0,0,55923.0
4,32,5815,13,7,3.23,6,5.3,1,59518.0
6,64,4539,13,6,1.22,8,6.7,0,49673.0
4,256,3684,32,10,2.47,4,5.7,0,52302.0
3,64,3318,32,10,3.32,8,5.3,0,52548.0
3,32,2421,108,47,1.72,4,6.0,0,50046.0
2,32,3337,16,6,1.76,4,5.0,1,40049.0
3,256,4137,32,10,1.2,4,5.9,1,52622.0
6,128,3794,108,48,1.35,8,4.8,0,64488.0
8,64,3870,16,5,1.3,6,6.0,1,55938.0
8,128,4165,13,5,3.01,8,5.9,1,82195.0
6,128,4645,50,13,3.04,8,5.8,0,64322.0
3,128,4838,50,23,2.8,8,6.2,1,64449.0
4,64,2654,64,21,1.98,6,4.8,0,50330.0
4,256,4528,16,5,3.01,6,5.7,0,57722.0
3,64,2715,16,5,2.39,6,5.7,1,48123.0
6,128,1931,108,48,1.87,8,5.7,0,65471.0
6,16,2916,50,20,2.16,6,6.9,1,58374.0
4,64,5393,13,4,1.34,8,5.0,0,46217.0
4,64,2660,108,48,3.28,8,6.2,1,66786.0
8,128,2093,32,10,2.56,4,5.6,0,54212.0
8,32,4488,16,6,2.81,4,5.8,1,61569.0
4,128,2799,8,3,2.69,8,6.4,0,50102.0
12,64,4096,108,46,2.67,6,5.0,1,83835.0
12,128,5485,48,13,1.24,2,6.4,1,73220.0
4,256,2086,12,6,2.36,8,4.9,0,50649.0
4,128,2249,50,20,3.01,4,5.8,0,51890.0
6,128,4138,13,7,1.3,8,6.3,1,59541.0
12,128,5040,48,22,3.3,8,5.1,1,98301.0
8,64,4503,64,35,2.13,8,6.4,1,73321.0
3,256,4916,13,5,1.84,4,5.1,0,48740.0
4,64,2052,32,9,2.37,4,6.5,1,45735.0
6,128,3219,48,22,2.96,8,5.7,1,68203.0
6,128,4136,8,4,2.24,4,6.2,0,51645.0
3,64,3035,50,25,2.62,6,6.7,0,49564.0
8,64,2799,16,5,2.3,6,5.6,1,57078.0
6,64,5560,50,20,2.59,4,5.2,1,62107.0
8,256,5916,50,25,1.5,4,6.6,0,66224.0
8,256,4411,32,16,1.29,8,5.1,1,83021.0
6,128,3246,64,16,1.5,4,6.1,1,58363.0
4,128,3970,64,29,1.83,2,6.7,1,54677.0
6,256,4721,32,14,1.76,8,6.2,1,68826.0
3,32,5483,32,9,2.55,8,5.1,0,50839.0
6,64,4061,50,26,2.2,6,5.0,0,56808.0
3,128,3745,48,18,1.29,4,5.3,1,47585.0
6,256,3653,16,7,1.28,8,5.6,1,62220.0
3,256,2399,12,6,1.4,8,5.1,0,49002.0
3,64,5935,64,18,1.98,8,6.5,0,56189.0
3,32,5203,13,7,1.21,8,5.5,1,47807.0
2,64,4790,12,6,2.29,6,6.8,0,41893.0
6,64,4618,50,25,1.99,8,6.6,1,64786.0
6,64,2662,48,19,2.42,4,6.7,0,51017.0
6,128,5855,64,17,2.79,8,5.3,1,73271.0
3,32,3019,48,22,1.75,8,6.0,0,50248.0
2,256,5595,50,18,1.55,8,5.4,0,59821.0
2,64,2327,12,4,1.81,4,5.3,1,37197.0
3,128,4722,12,5,1.2,2,6.0,0,38177.0
8,32,5004,48,19,1.46,8,6.5,1,66940.0
3,64,2962,108,48,2.85,8,4.9,1,64265.0
4,32,5364,13,6,1.69,8,5.3,1,51905.0
3,512,2646,64,31,3.39,4,5.2,0,70623.0
3,256,3917,32,14,1.57,4,6.5,1,53060.0
6,64,4886,48,24,2.94,8,6.8,1,68660.0
6,64,3570,48,14,2.75,6,4.9,1,60545.0
3,256,5083,13,7,1.91,8,5.5,0,55296.0
2,64,3625,32,12,1.93,6,6.7,1,46788.0
4,32,5123,8,3,2.44,8,5.5,1,55431.0
3,128,2245,12,5,3.08,8,6.3,1,53402.0
3,256,2825,13,5,2.05,8,4.9,1,52954.0
12,16,3571,16,5,1.33,6,5.7,1,63258.0
6,64,3159,108,33,2.02,8,5.8,0,65228.0
6,256,1818,8,2,1.66,4,6.4,1,56871.0
4,32,2360,13,5,3.27,8,5.3,0,46318.0
4,32,2271,13,4,2.73,4,5.3,1,47882.0
6,128,1827,48,16,1.31,6,5.4,1,56767.0
6,256,2359,32,9,1.84,6,5.9,1,60018.0
6,64,4455,13,4,1.31,4,6.6,0,47356.0
3,512,5036,16,8,3.03,8,6.5,0,69980.0
6,128,2744,50,23,3.19,4,4.8,0,55911.0
4,32,5748,13,7,1.45,8,6.6,1,52333.0
8,512,5456,108,48,2.17,8,4.9,1,105441.0
6,64,4863,64,32,3.25,2,5.6,0,58356.0
6,64,3779,12,5,1.52,8,6.4,1,55528.0
3,128,4516,32,12,1.84,4,4.9,0,48135.0
6,64,2615,16,7,1.87,2,4.8,1,46880.0
3,32,4126,32,11,1.27,6,5.4,0,44039.0
4,16,4130,13,6,1.28,8,6.3,1,49446.0
3,64,2802,8,4,3.3,2,5.8,0,43656.0
6,256,3342,64,31,2.46,8,5.6,0,66366.0
3,128,3029,108,42,1.87,8,6.5,1,62059.0
4,512,5105,64,34,2.03,8,6.4,0,75925.0
8,64,4329,16,9,2.77,4,6.4,1,61788.0
3,64,3230,12,5,2.01,8,5.7,1,50363.0
6,32,5712,16,8,1.7,8,4.7,0,54924.0
4,32,3332,108,27,1.42,8,5.1,1,57630.0
2,64,3692,108,29,2.8,8,6.3,1,62986.0
8,128,4924,32,8,1.6,8,6.4,1,81627.0
2,256,3221,32,15,1.35,2,6.8,0,41932.0
4,512,2190,13,4,2.14,6,5.1,0,58098.0
6,64,4618,48,12,1.29,6,5.0,0,53639.0
6,256,3669,50,15,3.32,6,5.0,0,66681.0
6,64,4760,108,37,2.58,6,5.1,0,66539.0
4,32,2995,50,19,1.54,6,5.9,0,48322.0
2,256,4405,13,4,1.58,6,6.8,1,53232.0
6,128,2657,50,20,2.45,8,6.0,0,60950.0
6,32,5027,8,3,1.98,4,5.8,1,50754.0
8,64,3316,12,4,2.9,8,6.2,1,62195.0
8,64,2953,16,8,2.4,6,4.9,0,56168.0
8,128,2642,50,27,2.15,8,6.5,0,63184.0
4,64,3482,108,42,3.32,8,6.1,1,71586.0
4,512,2094,32,11,2.06,6,5.1,1,64721.0
8,32,2444,64,34,2.08,6,6.1,1,64481.0
4,64,5433,50,20,2.66,6,6.0,1,60287.0
3,64,3935,32,15,2.98,6,4.8,1,53716.0
8,128,1910,13,5,2.58,8,5.3,1,77712.0
8,64,2383,13,4,2.74,8,5.6,1,59565.0
4,128,5025,48,21,2.02,4,5.2,1,57748.0
2,256,3286,16,7,2.25,4,5.2,0,43188.0
4,256,3448,13,5,1.63,6,6.0,0,52610.0
8,256,4181,16,5,2.7,4,5.7,1,67421.0
12,256,1905,13,6,1.69,8,6.2,1,83933.0
3,128,5353,48,16,1.2,4,6.8,1,51615.0
2,256,3494,50,22,3.25,8,6.2,0,60440.0
8,64,3533,16,6,1.87,2,6.0,1,55051.0
4,64,2181,13,5,1.63,6,6.6,0,40637.0
6,64,4536,13,4,1.79,8,6.1,0,52589.0
12,64,3116,13,6,1.93,6,5.1,1,66664.0
2,64,4502,108,34,2.24,8,5.4,1,64162.0
6,512,5874,13,5,1.35,8,6.3,0,71944.0
2,64,2706,13,5,1.32,6,6.3,1,40202.0
4,32,2462,64,35,1.84,2,6.9,1,52192.0
8,128,2262,16,9,1.85,8,6.1,1,67138.0
4,32,4702,50,24,1.46,8,6.7,0,52032.0
16,32,2742,13,7,2.09,8,4.8,1,76428.0
6,64,1957,64,18,1.82,4,5.9,0,48327.0
4,64,5109,13,7,1.26,8,6.7,1,52805.0
3,64,3126,32,9,3.15,4,5.3,0,45455.0
4,128,4517,8,3,3.15,8,5.0,1,56684.0
4,128,4468,32,10,1.66,8,5.5,1,56795.0
2,64,4368,48,26,1.56,4,6.4,1,46885.0
4,64,5192,50,22,2.4,8,4.9,0,57080.0
4,64,3906,12,5,2.59,6,6.0,1,52441.0
6,128,2447,12,7,3.31,8,5.0,0,56139.0
6,32,5122,108,47,2.03,4,5.7,1,67532.0
6,16,4738,8,4,2.56,8,6.8,0,51365.0
2,128,4283,12,3,3.13,4,5.1,1,48449.0
3,64,4706,12,6,2.19,8,4.8,1,53061.0
6,32,4825,50,27,1.47,8,5.6,0,57823.0
4,64,3175,48,26,2.03,6,6.0,1,56911.0
2,256,3623,108,34,1.5,4,5.4,0,56158.0
8,256,2044,50,16,1.24,8,5.9,1,77753.0
8,128,4148,13,5,2.85,4,6.8,0,59334.0
6,64,2667,13,4,1.72,8,5.4,1,52470.0
2,128,4661,8,3,1.2,4,5.4,1,41846.0
8,512,2279,64,28,3.12,8,5.8,0,79621.0
6,512,4262,8,4,2.18,2,5.8,1,67691.0
8,64,3735,12,6,1.73,4,4.7,1,55391.0
8,256,5173,50,14,1.78,4,6.1,0,64334.0
8,32,4821,8,3,1.73,6,6.9,0,56037.0
6,64,4992,16,5,1.63,4,5.3,1,52814.0
3,128,1887,108,39,3.05,6,6.1,0,59214.0
6,64,3040,64,24,1.57,8,4.7,1,58142.0
6,256,2372,64,23,2.44,8,6.0,1,70881.0
6,32,2613,13,7,1.37,8,5.7,1,49204.0
3,128,1978,32,12,3.29,4,5.9,1,49827.0
3,256,3525,16,7,2.53,8,5.9,1,56275.0
8,256,1962,64,30,3.19,4,5.1,0,70599.0
6,32,4440,50,23,2.08,8,6.4,1,62975.0
12,64,2805,50,21,2.98,4,5.9,1,71935.0
8,128,4148,50,25,3.08,6,5.3,1,70816.0
6,32,4221,8,3,2.75,6,6.8,1,55702.0
6,512,4555,50,26,1.4,8,4.7,1,77417.0
8,256,5942,16,5,1.24,4,6.3,1,66362.0
6,32,5541,13,4,1.57,8,5.5,1,55866.0
6,32,3017,32,16,1.46,4,5.8,0,45745.0
3,32,4274,12,4,2.8,8,5.3,1,54314.0
4,256,2729,64,29,2.43,8,5.4,0,58712.0
6,32,2116,108,48,2.36,6,4.7,0,58136.0
4,64,3302,32,11,1.76,6,6.3,1,51601.0
3,64,2220,13,5,1.54,8,6.3,1,47351.0
4,128,3249,50,26,1.65,8,6.1,1,62569.0
3,32,2227,8,4,2.08,6,6.6,1,43998.0
3,64,2196,13,6,2.83,8,6.7,0,43780.0
4,256,2595,108,48,1.76,8,5.9,1,72955.0
12,256,1906,12,6,2.74,4,6.2,1,72375.0
6,128,5849,108,48,2.28,8,4.7,1,77232.0
3,16,1897,8,3,3.15,6,6.6,1,43027.0
2,64,3703,16,5,1.71,4,6.5,1,44047.0
6,128,5370,48,18,2.19,8,4.7,1,65030.0
4,64,5101,50,14,1.41,6,5.9,1,55762.0
8,256,1842,13,4,1.94,4,6.7,0,55916.0
6,128,3377,108,48,2.32,8,5.1,1,73374.0
8,32,5990,16,7,2.81,8,5.5,0,61969.0
4,256,2184,32,16,1.64,8,5.4,1,56479.0
6,512,5271,64,28,1.68,8,5.5,1,81397.0
4,32,5377,13,5,2.59,8,4.8,1,55681.0
12,128,5038,64,16,2.04,2,5.3,0,69563.0
6,64,3496,8,4,2.26,6,5.3,1,52212.0
4,64,3934,64,17,3.04,8,6.6,1,62549.0
4,32,5692,64,28,2.3,6,5.5,1,61284.0
3,128,4336,48,13,2.64,8,5.7,0,53887.0
6,512,4192,32,11,2.64,8,5.5,0,76066.0
3,128,5615,108,33,2.97,6,5.0,1,68572.0
6,32,2095,48,20,2.6,8,6.9,1,60007.0
4,128,2213,8,4,1.34,8,6.5,1,49884.0
6,64,3795,48,21,1.95,6,5.9,1,58990.0
8,256,1803,8,4,3.38,8,5.7,0,64155.0
8,64,1977,48,25,1.63,6,6.1,0,55229.0
8,32,2545,13,6,2.49,4,5.4,1,51665.0
3,32,2451,48,24,3.05,8,4.8,0,47646.0
2,128,5689,48,18,2.49,8,5.6,0,55285.0
6,64,5071,8,4,2.02,8,6.9,1,58575.0
4,128,4282,108,48,1.38,8,5.1,1,69855.0
4,64,2089,64,19,2.0,8,5.9,1,54660.0
2,64,2602,12,3,1.6,4,4.7,1,35638.0
4,64,4330,12,4,3.31,8,5.0,1,56142.0
2,256,2033,32,12,2.77,8,6.0,1,57118.0
8,256,2207,12,6,2.85,4,5.4,1,64328.0
3,64,2493,8,4,2.16,4,6.7,0,34896.0
6,64,2969,12,6,1.44,8,5.6,0,49931.0
2,32,4277,32,13,1.79,8,5.2,0,41692.0
6,128,2231,50,24,1.77,8,5.9,1,62639.0
4,64,4344,32,11,2.27,8,6.4,0,54917.0
8,256,2782,8,4,2.21,8,4.7,1,76331.0
8,256,4960,50,23,2.15,8,5.8,1,88486.0
4,64,4844,48,24,2.29,8,6.4,1,60709.0
12,64,5724,50,21,3.37,4,4.9,1,79522.0
16,256,5112,12,5,1.86,8,6.7,1,103904.0
8,256,3488,32,10,2.55,8,5.3,1,79069.0
8,16,2267,64,30,1.73,8,5.1,1,62839.0
3,64,4416,50,25,2.23,8,6.0,1,56860.0
6,64,3145,48,21,1.64,6,5.1,1,57134.0
2,64,4222,48,14,2.43,4,6.2,1,48508.0
2,32,2811,8,3,1.78,4,5.8,1,35241.0
16,16,3477,8,3,1.28,4,4.9,1,66704.0
4,128,5497,50,23,2.99,4,6.7,0,55667.0
6,64,5866,13,4,1.48,8,6.2,0,53001.0
8,32,3692,48,24,2.01,4,5.9,1,61695.0
8,64,4669,32,12,2.25,4,5.5,1,60703.0
16,256,3286,13,3,2.15,8,5.0,1,100624.0
3,256,5139,48,23,2.8,8,6.3,1,66653.0
2,64,3216,13,6,2.51,4,6.5,0,39203.0
4,64,4646,64,31,1.85,8,5.0,1,58779.0
3,512,3157,50,18,1.31,8,5.8,0,61846.0
2,64,5860,108,28,2.89,4,5.8,0,57213.0
4,64,3191,32,9,1.98,4,5.5,1,47185.0
8,64,3378,8,2,3.16,8,6.4,1,59905.0
6,32,5549,64,31,2.07,8,4.9,0,60904.0
4,64,5425,12,4,2.78,8,5.2,1,55156.0
6,256,4303,48,26,3.27,4,4.7,1,67542.0
3,128,4937,8,4,2.63,6,5.5,1,54749.0
2,64,4709,48,21,2.11,8,5.3,1,55288.0
8,256,4464,16,9,2.45,4,6.6,1,68421.0
6,16,2199,32,11,2.4,6,6.3,1,53906.0
8,64,5757,50,15,2.49,8,4.9,0,66442.0
2,128,4033,48,23,1.52,6,6.3,1,51649.0
8,128,3339,8,3,2.74,8,6.2,1,77864.0
6,16,2036,108,48,1.52,8,5.3,1,63282.0
6,64,2727,48,26,1.23,6,4.7,1,54311.0
6,128,2219,48,25,2.57,8,5.0,0,58327.0
8,128,5924,108,48,1.46,4,5.2,1,75300.0
6,128,4195,32,14,2.89,8,6.5,0,60901.0
6,64,2460,48,22,3.11,4,5.7,1,59409.0
16,32,4423,48,13,3.28,4,6.7,1,84392.0
8,64,5750,50,24,2.66,8,6.4,1,73024.0
4,32,2249,108,34,2.26,6,5.3,0,51856.0
6,256,2179,32,16,1.98,8,6.6,1,63349.0
4,64,3050,32,17,2.28,6,5.0,0,47799.0
3,64,4259,16,5,1.62,4,4.8,0,39946.0
6,128,4798,16,4,1.97,8,6.0,0,56107.0
12,64,4101,64,25,2.78,6,5.5,0,72774.0
12,64,2526,12,6,1.68,6,5.4,1,64119.0
4,256,3267,64,31,1.78,8,6.2,1,62532.0
6,256,4528,12,6,2.85,8,6.6,1,68840.0
3,128,4952,8,4,1.59,8,5.4,1,49735.0
16,16,5320,108,33,1.74,8,5.4,1,92299.0
16,128,5154,64,29,1.24,4,5.9,1,85477.0
6,128,2215,48,21,2.78,8,6.1,1,63739.0
8,32,2399,16,5,2.56,6,5.1,0,52548.0
6,64,4874,12,4,2.73,8,6.7,0,55821.0
6,256,5974,64,32,1.67,6,6.1,0,66983.0
2,16,3367,13,7,2.71,8,6.1,1,48255.0
4,128,2894,16,7,2.51,8,6.7,0,50353.0
6,64,4743,32,17,2.01,8,6.7,1,64171.0
6,64,5953,16,5,2.16,8,5.0,0,55548.0
4,16,3247,64,35,2.45,8,5.0,1,58877.0
12,256,3292,108,28,2.29,8,6.4,1,101334.0
3,64,4471,8,3,2.61,6,6.8,0,45807.0
6,128,3258,12,4,1.6,4,6.2,0,45043.0
6,128,3008,16,8,2.39,6,5.6,1,57573.0
6,128,4012,8,3,2.19,2,6.2,0,49402.0
6,512,3154,48,12,2.21,8,5.2,1,76493.0
4,128,2012,32,12,2.23,8,6.9,1,56963.0
3,64,5694,50,13,3.14,8,5.6,0,55107.0
6,512,4763,48,16,3.0,8,6.7,0,79872.0
6,128,4648,13,6,2.59,8,5.6,0,56984.0
3,64,4842,32,11,2.78,4,6.7,0,46039.0
6,32,4834,13,4,1.29,6,5.4,0,47527.0
4,256,3532,108,32,2.84,6,6.4,1,71795.0
6,64,4881,12,3,2.27,6,6.8,1,58197.0
8,128,3070,48,20,1.9,8,6.1,1,76271.0
3,64,3329,108,48,1.51,8,6.2,0,54931.0
2,32,2881,50,19,1.37,8,4.9,1,45609.0
8,128,5331,32,9,1.3,8,5.7,1,75612.0
6,32,2951,12,5,1.56,8,6.7,1,52620.0
6,64,3522,12,5,1.27,4,5.2,1,48006.0
8,128,2516,16,6,2.81,8,6.4,0,60168.0
8,64,5999,12,4,1.75,6,6.2,1,62173.0
12,128,3990,64,20,2.01,4,5.2,0,72723.0
6,256,2004,50,15,3.01,4,5.3,1,63676.0
4,128,5629,50,18,1.45,6,5.6,1,55890.0
4,16,4909,13,3,3.04,6,5.0,0,46820.0
3,32,5894,50,19,2.61,4,6.7,0,51285.0
6,128,3132,64,28,1.95,8,6.3,1,64018.0
4,256,3848,32,17,1.46,8,5.5,1,59863.0
12,256,3649,8,4,1.4,4,5.4,1,69073.0
6,256,3037,8,3,1.94,2,6.2,1,57229.0
6,64,3818,16,6,1.51,8,5.6,1,53941.0
4,64,2317,12,3,1.79,2,5.2,0,36944.0
2,64,3238,50,19,1.32,8,5.6,1,48846.0
2,32,5886,13,6,2.51,8,6.6,1,53608.0
4,16,3852,16,7,1.52,6,4.9,0,42771.0
2,256,4112,108,48,2.86,4,5.5,1,68308.0
6,64,4059,12,4,1.68,2,6.8,0,44753.0
8,64,4949,64,21,2.96,4,4.7,0,64645.0
8,32,2581,8,3,1.62,4,6.7,1,49675.0
6,256,4513,13,5,2.79,8,5.5,1,67526.0
3,128,3044,16,5,1.93,4,5.1,1,43457.0
8,128,4216,48,20,2.48,8,4.7,1,83444.0
8,256,2775,8,3,1.29,8,4.9,1,70843.0
3,64,5291,64,28,2.29,4,5.1,0,50840.0
6,128,5225,12,4,1.53,2,4.8,0,46294.0
